{"file_hashes":[{"block_hashes":["6Gen/oGKOyJEBz5eUv+NT6GMoctJK5g6BYyBROV+E9E=","v96mUhy8NtLMv+V2JIsYVaL+CwWeIfcecR5zOwQbVPk="],"block_size":4096,"path":"lib/chrome-browser-polyfill.js"},{"block_hashes":["ribGFvDMle5+L+fLVzcnjJoCjmkNci9uH4DoILFsyps=","RMx+G+4i7UX7jQ63ujXG479EK/YJZEWKErssvdW/iaY="],"block_size":4096,"path":"lib/single-file-background.js"},{"block_hashes":["6Gen/oGKOyJEBz5eUv+NT6GMoctJK5g6BYyBROV+E9E=","o9Ie2pOz2WmaQb1b3K3sGVUwGZ6yJCse1k1gdDuuJxs=","+G945i+nbjEbDvbKD0pnqY83vwUlhbhdk7OWbQAfYgI=","wSh2dqAIgsIXZnKYYqMP7QJT8n+BRNmgCg8VX9zlwqw=","65TSWc1gvUZcyeQA/RCP7r5oBRav7rSr/k3m3hTwm18=","3E60jUpfXcJhCp5ynVsQ9S/fX09RjBqaVIssAZHhl5Y=","AbtIoGsxmJ1DLUYlDF2mJ8d2rNAaAuaYLvrBEdy9omA=","DY1yxSisyOaAWahrXdChLjAY4ubZ2QSCNT/h1fqBWgg=","h1fWQQ7zvPHfM31I9SqvZdrzwMDPv+lZafIldlHgxjc=","Q4pt6d0UB0XXm/czkSft77IVhrSbVGiXfUbxrWIRLK4=","zQmSoHujr3OihBWd6gNDK0p7cMXTnxiA7JbRGMRnZM8=","eBzhSsZbp4dZhsGvgznWkVnz/4wfwtTIQpeMlU9fRvc=","OwBqFyG0VqTNGh72VXGNgxM42PJ7+wY8MJhhaLAfOOU="],"block_size":4096,"path":"lib/single-file-bootstrap.bundle.js"},{"block_hashes":["zuYbdxCsL2MUqRucHBNQRrCFSRfFNxCZbfwSGB99Nks=","LOVf69M3rbeP29TX35K9uksJFC5pWvk5cU9OV3sLsMA=","vRrYcXy6sLTxc0qnh0C7Pps2+WHD3C1QQkof8LJjdzo=","6ozIlIdimYy8Syn5MEmlNcARC1olwI1j+etrFbdqemI=","K+jLgjzP05EsK3cyPl51DaR6woIEPy8P/guGBzBRcZ8=","Uo96/3gq5MpdW1/KM6eRjSll0GdxNwej1Fr3v54kta0=","YKR3Thnyxcqy/Ph5coNJWkqSeW67vn+bikMcvQnez9c=","q9FD5Wnw2D3guFXRKk3R59O2ruA42NubyulyReZusf0="],"block_size":4096,"path":"lib/single-file-bootstrap.js"},{"block_hashes":["BOm45gfkCv1hM66Xsz7vJ9wZdf8Foh81wUN5kPlD74c=","FPUAX5fu/rSyWn1UxbhFosx9dEubXPbLRN4BxSBrcLY=","/MgYu6JIekWtQLvU62k3syQyuWWotVqNAAVpsUG0SqA=","vtlLjZgufiVIC5H97sjTCXjrolGx7eORIXK3tzBP4H0=","em8KY6n0gzuO0fcHoQP0Td0F1fCu9RaZmTLfEKqXqso=","jYeisKam7rlL26tJvccQ8V5oWmjT4hgTnTQnWaErj0Q=","6AfucS3qXqEl1F0KYHdHGjc7SH6LEb0dokDP0s9itA4=","B02QKMpT00RF1JiCjIVpug3yD/q5hJTSBVuJc4N+RCY=","FxlM3RYqpzszXvGRtE0AtZUesxwBR6QHSLY4xz91o1k=","w4Qc5BesNK3qE1vHX9PFJDd0USgbq6L4B+bInzSFPCE=","aeOOUrgdbwua3vYo8rtpIWMsidm/fwDlPYdNQUfnSUM=","iTXzvJDp9JS+9DDr+npntDmwRTDSwtAcpzqBS1jvhxw=","OSO2dBX9ndxo2DySvnjB0TXvuVjE24gmV2xDmJzzs94=","T/23vo5ohT03u6fJF1YAYHWfXuNR9x94t7pNaJsboW0=","SfGrTO5PUbTuvsRYh0lEbMJsOsc0M6F2rtKl7dCnlNg=","OgAvFRkr/SsRxnwq68mwZvBhq9O9oCKGv239nN/gaqc=","Oo/6oZlx7L0BCKfgU+GxEVaPa/b82dxfsCVMeeweovQ=","XRcmFbB/WHDZtgfh4Zh/+x6zmCBqH0DQQqUdD53FHXU=","9zxffzU8denn/bytV+wGFifJ9N+vJP9A6sIR1h976hM=","u9es4n3pIkyKI1gSByC4C+/DhCtf/jMV9fdVuZWqzR0=","MYhSGTOcje3CpOShGPuXl8mhaDE43Sd+rvNJZa8rN9w=","KikD/UPhdo/51nug8wA3DJZzH0Pa1z7J+85qqI+8wE8=","p5zrEgGw8ojaWim6KmBeHWhyGW9bWEp0M8ECam2oI20=","aCFY2YBo9RBrI1OSy0TRd/PZEXswzH42sLQ83u8pna0=","j7c+UkPmCsE2XvsBuEnikwPrCDh6SZRCTpPlVD0on48=","7SEk3X8ujRnkCV7ko1nflByVKneNzq3/K6SDckkh368="],"block_size":4096,"path":"lib/single-file-extension-background.js"},{"block_hashes":["ITsqrrFnZTl8CzI/DCHaXpEgnrLVDpOlf6nCbYNDiE4=","1IyPWKxQ5gay/QRMKQ4043Z2ut4G+iNDuxCet/TCOvM=","EJ1RDQnkqhRS53QQFdmRkKprZVVhdpyaFv0OIz2KB4c="],"block_size":4096,"path":"lib/single-file-extension-bootstrap.js"},{"block_hashes":["ZVSzLArmyu4uK+7rDqVBFDPzAcLsKCoEchDAW1dWwO8="],"block_size":4096,"path":"lib/single-file-extension-core.js"},{"block_hashes":["NbCzs+VSqfdbhwwuZjoRl3oTaXrxoUA4RFHmZuJbQtI=","erS48bykgUnWHipLfXNzGysNFCJxvcTeI+Ya6W7jJIA=","4lk6uZj5RvfJQZYYHKExwKcaapxEneGYD7BIX/Xkux8=","gPEj0AODFlNCA9NXjTegGlTBEOz4P05s8B1hHcNt5ag=","1TzwCZx55YGGBHmxVoIgyegpRpuMqpBDwVhBFLT5dvQ=","GC2cxFM6v+iQzrZA+dR9XGvIb0R5nudUQfYxYaJhGMI=","AtnVjNDQfKprC3SzqEzg3ari3wS/WSslc15TCscVSiU=","yamAhciv8/ZTiJsOVziamZHfZXD2tzTNerETd53vCRM=","SPgEnffUnTMOc9uxkxysi3s6j3r95CItfZdHu6sCczY=","HppHH/zDdZADAkMY61mBPHDDyI1lYHGVZ+mwQbfoD/E=","3T422brP9EoKz2PMejCjlM+Zm4fWrEp9QKtlX/0Azrg=","yfS5NjngYLMiYs+8PXy0+ZugkRgGMaIgvtGsl4AAEFA=","UlBhC5/XJuZdn54BlA/+QCZ3tA0gfF2UY3cin6bnMu4=","m05tpBLmYQhsdNGpKu5uj+jKIvAwqg4BKkdaf+Sppdk=","F1zfR/SGrKXhFzZ0Vhx8dCmhUzCRq9x6HFsppPicSaQ=","H0/5kwV4jfA9EFj3q8OwraGfz9swM3VYmdZx0srbOtI=","XrcYesUVbWbfyvUXjbEQxQqgwqN04UtKzH0yJXMbT7s=","GZ1lIaiM2qX+HRAkIrmV6VzrilPjrXr4k8ns1AAR2K4=","5sTAmwR++f05lKpZR6LNU6whWSi6EK1gpeuX98QGT9A=","3h2Z4Gb0IIVu0z74K1loqOkx5aSOpEnz55iteyxn58c=","3SkMQ1hkvCKhkOVFOxYd8B4V2SKCVt8I/no27g1WSso=","XCm/7uRtp/mt2wrCagaih4/tlz0jVIHxKItzwyMK4CU=","WiuLqeiPMj647Uq73Pt6zv1mWVUCPQwyx8/OUq9ozPw=","ZuVVA5rDI0Jcs8GC+KPzzXST4golU9d+2r6Mu6ysKo8=","PSebQdwOVLQheQbSryXrpfgqYCuHS7uRcM4pyLlhIRM=","CI+Az+BDShHzKakZp2Prd9U2LICFCPesqAJZpfjt0VY=","5NfT9OUU1Ydk7LQJKhtPvS54sY0MBvHW74GbCz5u5O0=","wkhzKdCI9yGzMSTkVGg58SYBBRRD4uQ+YVih0YwurWA=","09qPFMAemGFfhcSvjQIh3dazbuEo7E+0bz03RhMdK9s=","tjw11RwGBQKPer/QBicStqZO9fkm74BFAV1miqH3y+s=","QokbeajY0D8iy0UVqTJ/VUGWrdqkmQB1akh50Z4oi7c=","kuhFp7MViUKogLFOrbm9da7JJcGij+BUSUjIv97mT+M=","alL81dO0XDhCcLQO4FdwM0RU6xF/weBE71PFOY2Ybvg=","bLabrFP6jkrdcxKQ0qgfpTfwrgtUtkLx0kapkbZ9qLI=","uPGj9mYiZwTo5yE+84QYjLeerKXkhilGTq0EJlppxCw=","LIYwK1jkvO6YN5CZAqPR8E0mN2LQAmKeZjWwn2hFK5M=","f2YMZJADp05ZTBv16S3q/jQdEBlQpi4XiWbtE1ChAu8=","8xEClC4cEv4tP2HFnFETIth2n3XjxYAy2y1+TvuIeeQ=","ormjZDdY73J01yushJ0Ny+QAc8jRip0DZ98Q45r+2ek=","xZk3BAlyZ+3UaQOAiUmGvk9zgLd+415Lc5wxM5CHk+M=","TlbrBWotM4hgeNudiTz/vM2G3botX0rQS3Qwqa7l8QU=","4UEbU1tfPhQFKKIVL0r8Kg5kV7i+dq0vWGOORSMH/gg=","9NNrYECkzzxly2uoG6Imk2NuvzXqXmbXiRhymAQfMpA=","xgn9gyGGvm1rZr5YpQ3FDLCxv0J5fABvNh0l3AxL39c=","DqAV0Ltpw2TeH1usfphPaBLu2/sboFxizqQqPT5k/UM=","MwmfJXV2S8OPCnI1kmgvS/o8yK8GC/d/9T8o6cydlHg=","xW+oPbnVZuRUWHy6x5wrbBb+xsLjBa3dv2QZmOgMiPU=","wJcGRNilunZtAxQ81zF9Rjto5NDFPbBmWBk+TWUmshE=","wgbKUfeE+LDsuMMrE7cwj2XwVbX94yx5d464pXtFVoE=","7eD41CAn1WlW7jNjEoALH3mrPm7hCaZe02n0hRP4yMw=","ZYo+38+plLQBF2f0HAg0aSdJM5DYd6sOs2S3j6ZemOQ=","A7+oAMnQagt84SIInzMBjfoencac5OCjzYchg+zfCpg=","DQ5gB3jYR/I+kxiNy7gC04zu0Zya62UBqu7LCZeHTEg=","seCz5SPwN5fXkJ9Pil40Z9uKUmC5FHaxWieJyakDVaI=","b9pIwuNJNndsF9aCpG+/Ca8frQZxoo0P4sTlNwklDdU=","VDJLKKiymvv0y9ZP4DFJo1+DkMZ4Z+u/esoPRAqpTIk=","8tYkhnxT+K1xQ7TY8sVV74aA7KLe94pOzPy/VNqg2jI=","o6z5AsXON8tzYyDzgRmOlhB1s5SzkOqk4QyijKzR3q0=","CjaukwE8eXVOo1upxPIFnPjbDsqzpPDM5W7k6mRPKfA=","vl+u7P++sJW+jcXFJTCtJVZKV/a8Ds/7sdC1GTpW4jg=","7+kZ0H0Ku+nSG8AnWFeCKbMUf9zLC35D+K07xYOB2ak=","n1VVIDdYZhPpzwujdDJ7dMaMTNSEGqLhJbcH7A9egKM=","zpz8jkVgcopQTlYkJ6c2TqIYmfElXww5EZLGCD+p6UM=","bXhfrqlgJWAYxyciEKhfUc0lbpXCF9CU6HTddgoJrBI=","T2bMTqmE4iV1LgQAMo/Teur05rC6U/FYIKCefG8S1XI=","FjtNrFINpMArdtnAU/XG43MR1w6EaPiOjqWzaI1JqAE=","6BKKmTq6czwPW/koUGKmI8PwGJhlW5rad/sLHOEK9Ms=","0l7dhWfbO362v2XAnfbVl/EKoSPOYQiYcRMZSDHPoXo=","Fz23zHs3HL3hNRQdcamUEyxqdv/+ceOLO+8g76OwuTU=","aG8UVHpUhKZeK/CoGXmI9+vS3qaEdpxBNRXeajFYylA=","1NMxoD/eMlsTdtr07f0n4HWchy8K7RBU1vZBu4au04A=","TnNKQCpyJS2nFZe+K06qo5cyhEz+ScNyXp0UMiVYexU=","Zbva7zwjj9e3HM3XS250MBX7z4twU3+KhApO0/RZlGI=","tfSEuF1/FBIPhpli0V6k6C+Va9Gv07Yis6THNdIAQHs=","BTYzi3PMRniwlyyVKExg27aD1LiSyBkl9/+ftwdguJw=","RlNSygnJohUGQPfRWK6Kv3C/79tLbpLqhnJ6jdeJUeY=","UccE1lzRRiQ7SUmA2mXu8mUejRk6n8YN1DADa4RH6ss=","kv3BU4pM0xZNIpX6KhHqv1DLnVYSimxOAaDZUx1Jl4w=","C+NAw7G2uYD1Af9I1skqg52wcgDB5IUlitR3OTaES24=","HAUnvaQDPVqTOKr5rVKrejnG+SZ8iBxsfexsaIDzkuY=","wpXllFhSUCtuy4IA2HasRnD688szfRzETH8bJp1lEgQ=","ZOZwj5ugDqkAv2IkJRZm90+WHPHlC0ixE+/C7YYakic=","Mc9QdTxkHsQbAnUcJ7tO0QV5QXUEl9lsxLDrgpeB4Wc=","3ODL7pfwY4lp63vhjS0mz6M53O9VJDhM+RjArbfESDE=","Pz4jaOQqnBfTaL1E+OLWQ5EVb+H/OdpWMLqRqQ829zw=","KrbasWLtXE86SNNAlJBalQDR/74/BeE5boeDW+Nb+PE=","uzpGyMhQUM4MMKh/Y2ruHJezMfuC/HvlIjUAvtvAtQc=","mo1y/soRD3o6UaOPKu1fZ8nkNldISopkCE/wfnlXLxc=","L3X2DBhP9OsSsQBJ8nMRYUg2Q2hH6AfIg7liWxhE1Vk=","ZIYCFGdVaZ1xMH6ccWxjgybnYKPB5zitdzLjtcH00Fs=","YWI8OM8ZrtMTmed9eAHscpc7pRfm5eJtjpw1rEmzDxM=","DNqTZxh7JP3GCfWesifpfnalTgGgOrn53uK2Of6PcIY=","iyd8mUgs0iW02eOyPa5UBKncE+3iRISdU547fXJDIsI=","eZPcTVHTYJTJLUlL407ANupfoyfUcFH7ZIMw3smJKjs=","EarzeYxmGyfQeILKls+BnoEzQfTMuuw7+E3IGN2dbC8=","eV0UzWtYOOjaaM7ld1VIJuOpnwAwEyJrnxEs4dYbWcQ=","6NvXnbYXQpo7nMgXKvJWQcpzBYc5PvDqeIDxXrMGkmc=","VOB4eehcHtxGdP1hDurB8EkgwxZ4ygpcfLqL6L04B2A=","kRzB5h8kQ1bm/MtPYPQOWmbeHEkhFlqxsU2WgJy5UyU=","tZMIpZVrQwKQYaWdkNIxWESf8H8ZtB7HRot7GCrWQe8=","NzByDdGuZ8FeCIFsLdf75rZB1rl6cWc8cTJyjO2sjUc=","znLKtopjVjTZOtbF2su/Y732/QujCk25VmLvRAxlEyE=","Pdu7VlG+9Cpof+mrOJxjzY9R47+pEGlOiryL31FSWVk=","VEKeYumOhTvc+fov1NPBXoYKTq4JiUhTHEoW3swz8/g=","uSkGDyctepiDKGol2j0qXE6NIdhsZ0HuVuIQPy1W2KQ=","+p9iPj8sf7eGTmB7ggHaXz5YosIaw5r0Rweplrc7syg=","hDy1zbd9bsa/B0UnYkK+b8vHP8BwuCPmYgm0IyfJqAQ=","+c5+cw3IbBN80cC4m4SAlF2cbZNjKypfO9Ikqm9fcRo=","w2ezqQwxs6MaL2ZU+r9aYJCd6Ip6aDjYE4a9/XNdhSA=","+qqsz7RBR5+9KzB8uxbo49snIiD+HUDdfHvGvMnu1vA=","DxTM3m/igvuPB8LAJeYkQxJ9J0gMrt6eK5xsiX3WDmI=","qQWdXz+EruWI8yJrFmi4mxpZrB0SqDdugTMogpXELvM=","C72CM9jNuhkMOXKrZW1K+70WyDSgsx12BzfrnGCUqXk=","3pjGIK7WD6cv8fpsxMiPzInl+qW9W2ya7DHwOud1q/4=","fxSOtNeqbedQw4YFwQFuAx66jroxOXgbz+PmAawbbtw=","Ag7BulxdoXogd/S09fTDsLKCLMggP+U7Hgk3zYh3UL0=","wp5n1RDIDMx+uVxlmxwQTqSKD6TFqFnGZoRq0voVQuc=","YdspRYpPHrbfY1XpUWuFc/byiotAzjpLHW3AlDf3+q0=","uC8y9H19ECzFvAVMvzF+Rchekx3lM/i3OPkjGljWAg8=","vvTkVXLf5WFv/r/HJk+mXYX4kPwSXoiwGDbPEQaH7hA=","/AXtAHfIGR12jUvJ1PXTZcg99MT0rYGCYOJYy3WPocw=","oxzQQ/tL7+qEi1/85KfRILYECg+7UCkRd4+/1/Jw3Uw=","YHUx3LwXGzUbsXCykNvg42m4vI5hBKjfn3/C8cS6xZo=","JaSnwE+PEdtY3opOvzrmdIqKy6wIBp6gslGdCIRvQeE=","0LM+NDvyZnaP9SMCID3ceco/KHnv3/msV4Jy/cJMvlE=","wddBXnMcRYIsIncadIhPi64Xk1rcA5UosoxN/k7Cuqw=","AM9nPR5DI2PC8SiGa7Qw73t96MexU/k8+hJ8Dgziufk=","jCbdFOqdu286mZYW8/QRz78B73wHPPkoJBGIzAW/bvs=","aJbGajYayEGi2ADtkiu45ExYAc8m3qfBmJDiHwUkWWY=","M2rhgM34zYrylURjE+JIbhDMqqPi7BDlED6lVIzX+Og=","Iz5FczAp3FGw/aoOvqBfkxPaN2IhfWqFNdGkoVBke3Y=","gnkQ1WrfOAzs4EAJCy/G4NXRFXNB1+/D8caU4VE+mg4=","v39OVTrgw4OQXPgHeazwZ7HT2O+NqR1jCINQs5IOefE=","axA7bowMqQj7B3o/cpWhBys3pmeZT8KHMGxpwQoYpFU=","wT0QI2GIG4//QUdd4wnWT1Yq7/0Qc0s8hZvbdQCW7tk=","yVIoun5vGn1fgOf27wryCKBxm8q0dn+rxWwdq6r99cc=","PE0nKZDkJEty6/bMEF6pNdz5aItvb4lOeg1UwJbUIOg=","xDcheCXSSn/JB1xJAFIoBMKwlFxEAalN1+EOEMq5fAg=","4TKSEcn3aGZhKJQzcJFjIbP0iHGrYo2R+rahdEKFD1k=","4rvyQV14xHCOj96aYUa49Y4p3eiglfnUJLofzxkBGI0=","nr16xlFQ9f6MDpFYG837KvjhpyxBV/6XtNpkhJeBYGU=","wGqd6PS9hKI9ST5BbAVfsPl+QolWBOZwPKT1Y0EAQbM=","6LivqIe4dghuO3ucgNm2P8vtTiWgwhT2KMIsFvR5/94=","HCo5317g/La4ZxVeQUw48ASCTaroBji/8yQ0QlaEOF4=","qxWTWX0bWX4gAKYPwYCm7wg4a7/v2ilWybNXhN1Pb7s=","HKRnELWMOUHl+AtnoR/7vfFoq26Us1jhjlwgveT6+cM=","vsbnfLBGxFlBx9FHOtF8iJR8GWC5zmIk7SCoQuDlyy4=","MAwdOrZJRtjQJ5SEgEqwIsSbrGylxORJMFP9xYGKm4w=","+uc9bCM5UueUYdODtbGqe3RH64gg0Fm2nvNINa++RMQ=","tMsE/XjQ0hKVWFIJe5vnF4d1dCQPLxk/koZOQCmL0m4=","62FmDsEAb7kyZt/pufdbG3srAgDbyQcuPOfvwp7UZmk=","o2RHfTvftm4jAZdLj09kYqMEoNwA5MaHJQ6MM4tAMLI=","zSj8ofCdE7C+aLTtIjr/wWefcwVfdn4wpYfzX70SwGI=","l1kLqKoJvwkjBqluT0dNoIPcIHWFtJElT4kVgJ7ClO8=","ZPlavxYjK1+T27UU3ZXnIWbdpr3aA4Sd2s48Nftnmiw=","DrVjKsw3hCPLWD9lW+kcAD97Ka3iDJ/Js8zMLdDbrNw=","S37X4LOZfjxl7Wr1XU1bkP3j8Abo+tV0ntUIeBIVGk4=","5/RCSLeHTz+7Ujzg393H6pP/n3rEwvNpi0twRQGHbL4=","gDHAHgtIevSbQSdX2+RZXSTrs6xzBtbtaHsXK8AEwPM=","aHOG35OJ6LEytNVOSHT2/FvUqv8lrXXc1zifrj3TJcY=","9w0T00RCOqt6EBUxChnBY7o4Cq/33WJyYRjpaDxrxng=","Tl2Q11yQZTvNHajLtMNUNuRJ09L7492Y44DwjB2jEo8=","Op1UAq8UJ45Ji8YxLJ/ty+UytC+BH1FlxayKwCufmv0=","9XwmiubMJGz6ncYQhOxsIcTwRNf03ULE3pEMu3NLbzk=","406nk/iUsuuI8qIjyCp0jkqf2CZr5gDMwUkHzO41eBk=","ky1Pp/p/ER2A4B6UJGqSG/itQek8+E9VIVVeocrqOIU=","c3A1Fc6RI+3fv5qaedh6x4qErDlc89MmfOUI+qirTpU=","rQ2zbzmtaVqBe3ubazFjJLFR/EDtgcDnkX0dmu7TOvA=","nWLPUVRtDbq8UcBGPSjQOHO2NLPQdVZm09I7YWpnOck=","OjGSr3AFlE6S9MJGBbfN3ouJWaNfwJK/IE1GqJtixF8=","UmgsiDIDgVcm6FQE6Mi3CMM99g6V8ZmVY7dBUw6XDSM=","+UrLJZRJVhxsVXpS/cwg8Qhoo01sEefRhHhq00Qh/rY=","ZlpRCfCx9vOuG7HHAvSDCZvZmhhTHj4QedlYpBwpALk=","wSmnbB+qGLk2cZ73PUKV5bQjiqmg/db1oH30kYoKlQE=","N1RgKjrmbpvF23Cqbl4ufn/68x4RoSV6mo0fx+WiE7g=","VcxZHeOmfkMk3fBK05gvv/tY80KzbwKbPDPQRMzqloM=","nrYA7Fee+R5E41cFdZ6r/0yiJ8mJdwHhU2sYXblMlcU=","KH+thyM5PyJLnrWMtHpFgcBqGgmyDvgQN6UprTK29o8="],"block_size":4096,"path":"lib/single-file-extension-editor-helper.js"},{"block_hashes":["ASij66BrnZM9IjXunnbEVVS2dMOuaMglfPr8ohc+Z8M="],"block_size":4096,"path":"lib/single-file-extension-editor-init.js"},{"block_hashes":["0oTr6czwO0P4yAOnmJlKwKXnLpT7DxjT22210e8F/2A=","6EN69xsUlH9y6Vdgl5Y3PNNN41/HppgSOck/H73y/2o=","pu4R2XNEB9b8IhNRixCsmfDh29vJws7P0n8KJkcehGQ=","qWfkkCSOIGYtvVh7bMrLWiMDbxwhvTUo2m9C7nLtkL8=","o6BHCbZ00CScvhvY1uyoigAh98NGGUKY10/cc99To8M=","KlspSRjRv23sOf3KPDAJZeut32s+/WF1FmKaeTXMm4Y=","hbPeJTcHZyi4CeApZvADgh/DZrUlwWoKO0EInBwLqDM=","v5HEGIoXeW6CAuEa/ZmrRk0+Lhs+tDSrgbM6xWItTi4=","kBbbI2HpRvPI0LNdU0PfVUwxAlVY8+v9yA971w+BXno=","DJcPG8VpW6iIA+bYLQTM5DmKC91iAmzHqVGaAx/Jtrk=","ik9aJUSNAJajGIFvBTa9XpGb1vaqb2CURQvQ4RaIAjc=","l76y9Ylu5i8uiqI71zhIarwcQPMvYgByACTUDKfgGoM=","9pZsqVfE4kKFJKvlLWrz5WqXgOD0/+BrB1JhOKsR4DY=","2m/ejEGOfRFExM8t9M8Z39EVYStvEPKe3uNxmBukeLU=","TVFVYJvDpZA5q2EFPTOJNttqWQ9GzA6TK48CIn5K9pQ=","JyCgIlNj5rQl4ESptGVLbohmheR5TxA2d5T52Q9i5kw=","uHey8hwx7o2N51IqrlvB0aMMdLr58HW4HmyBXsOe0eY=","Ze2dzuBPO88kSHdCSF0is0jEnXJZW1N67hlcY1xfcto=","UGEF2NXtMMkFbRKDJGcyF/jDrQucdSTkUIGzu16P4+k=","5OIrWJxBleNQJFF5bWMyNbTH3oY0562xqAdXiTyEw/A=","684pfQQ02K+7pXghHszRVGzQT/K8VmBuQj5eD4HBDwg=","tK+qhaw9VwWwDId0if/QOSmiU9smTNk5+iVuKvT5lvQ=","mYyzEIzdgs7JItcqKk113S10ox7mPXlMp/yNiW8iVqo=","DP++4vPeOJ3Si/Zo7vFE5SyhSKa7mQ7NdH9hOBynfrA=","ZZ9ui+NhVU5L1E5+4v40uVwuvZRJaW2u1+Wq93ucOqY=","zzAphJv/vXoSNWjYnraMIn3WbW7YZtW9++mONiT3458=","fjGGPTiG0LN9BJVDfrOyHAaehfmL7SaGflK2O80hbCo=","4YWfJ+hFhCeHI2xTg6zsJQEJgPH7rDbYrGrHMwOQT1c=","QmBELLKwt2A3M7/Wa0+UDPmeiAb6j8aFME0LuC4hZGQ=","7kRU3TzgvaLpLFUZXq6JMxLBPmgJifmp2RrZkYeZShc="],"block_size":4096,"path":"lib/single-file-extension-editor.js"},{"block_hashes":["4JPSn1NyNuw8o1vEycR3tBiZgyn5RSF9YOU4HIjwkTI="],"block_size":4096,"path":"lib/single-file-extension-frames.js"},{"block_hashes":["mdFGifNwI6Tb4Q9q04qyVZ5KuqxsUEJJFPK5e7K+Iww=","Gw7xssyUL+w3aCRkisbPPzLAouBeJm6cVkxwhkao988=","8BBSjn2Qj/0vNZpt3ytVe7gkEzF6/eq87wVSlV+qaVk=","UH10T++mykmUEE8+z7VoVY/kwJxV3HvyeOBDWLp4v0Q="],"block_size":4096,"path":"lib/single-file-extension-offscreen-document.js"},{"block_hashes":["omtj9aODnuNhcDVaXUtZjPxGwYzk0DtW+AGfu1pSu+w=","odGeD3qj/Nu28d1Ir6zAWptzxRJBachE9SNUgH+X3NU=","YvB9OOwSa32o4752Gx8YZH7bUD10CCf6qLh8hL9jX+A=","oFABEufdTI/VAMO9k/17huqWRFTNRsYN/fKfHiCiAq0=","WkyaPafJLbfgSwQxIrnmK1AehJbys55TLmRuTWoXEWM=","ZIjoFGkPrtKask4QmRocMIf7Botv2dRvbU+tSP+0F0Q=","/SP3gBI6mMsGKxgNLchHkvHuGsfUoJeJJW13YDohJH4=","oOW9xEt4n/ny6gUnqwQjQ02PG0JuNNiegORqX+R3APM=","oYE6nnu7kwRbpSbgiiWEzt0lNysfXsPHWq7YMJSjUIg=","haERB4hZy6boklbpBQu21h3KA0yOrzHuJmP7D5Mrwfs=","6PewBcFs1fMmHR7Abj2nQcwSZ7P3XJtltMbngDHHlVs="],"block_size":4096,"path":"lib/single-file-extension.js"},{"block_hashes":["6Gen/oGKOyJEBz5eUv+NT6GMoctJK5g6BYyBROV+E9E=","1jW4tzk1jsmMOuy0ex100H5Qu995aneBcFjIsFDVK2U=","vp/ANhHV505A4k6W09N4IVw7G67Xm9ptFlmOONFXx4U=","uCeM/PjosBnoPu6cCNvXZ3B5nkjXdgdH+Ag32h7bDD0=","y2H7+YKNU+406jIRN7tpNUPVq291aqKbXqYOP2BSfd0=","mnP6uiW1kVTIXp5HzCL3i5kEGGsj9BWuhDSf754wT+E=","EUSDF9YRa2cNZmi790DTvuHK0gdxx85zCx4PKZc7+Pg=","2I4Di6KG10xzUYEEtzNtmDeAxQglWxFpGgXh2FWplKA="],"block_size":4096,"path":"lib/single-file-frames.bundle.js"},{"block_hashes":["EuoIODFeAEKNQqqW1DZfEYsa+xWXHmF2LH3EiiDMAHE=","sCTR3CdasLXl6V09uTlMbtjw4gGo9927xarlX6gJJ1A=","Bo5wDeGc1OaIpOJZSJddOCzjhTU/bk2XIr0eLmOCOWg=","xUrJlFPa5DElIgHyuPZnLdeQWm6aolLrYVsEb9CHHP0=","rJY+lyW5ITc4L9TgpTmJ5CSVnegVhEyFt2e5An30FaA=","ROqC5yJIbTzqG0hyCH1tVWqHcMTwcO9czlNMwsr9PsE="],"block_size":4096,"path":"lib/single-file-frames.js"},{"block_hashes":["GNcu6vbEyWYDe2v2YnqX6iafF3PCNcUyMbOD42o6T7Q=","8Cti0Kf3ouplAspuB1FvY3P66ftL1NsyXTbhuYPpAI4=","wmzYhL6IXl2P86arIAKGf9CCAkI2braQiHetMmgVa6I="],"block_size":4096,"path":"lib/single-file-hooks-frames.js"},{"block_hashes":["U0ysUCKq8OYPhfMscqIW7Rpw46AW/IQtVZBz1MQdzhA=","/4SoziYaXT/sxqNC2/Rc+gXcXlumuAX0MfnW4N0qgio=","kXcnbfgsxsJ1PjFDc+GnPrJyRSh5j1u4HLtxYUuAbXg="],"block_size":4096,"path":"lib/single-file-infobar.js"},{"block_hashes":["W8FfMYwNXAg5GjkhTl1zjfd76pUyc8MghlmR+Kay0Ik=","lpzsJYAfcNFypZXbMYmzoUZ0YFEFASMWV03uapN6BlI=","FQnPLfG2qijCx1M+sFw4qZry8bMHnj06PvqjwJOWDHA=","Yteqf+HQdvyXIkIxek753RPMtNknrtFCZQTGJRgGr3w=","Q0CJEis2Xqwdqv2E+UYPNqgtXb8SBHKoGrZSwBEr1tU=","a/qC9lbEjgH/vC1QKd7OJtd799Z2IIlOdpqMYascRcs=","XgqnG40rTQR9g/PPlJBRfv3lIuQ9drXPmCP302RBo2M="],"block_size":4096,"path":"lib/single-file-z-worker.js"},{"block_hashes":["opQqS6Baaona3icvE+pgA8y9bm1J5wBgJuJOBeDYD2Y=","xRxJmwut17VqcnbwCMxRmy/NueHdGBODZ1mgcxxim/8=","m+CVk3JklOZOp5U6r+lhS4iozmvsgPdHWThrrv4Eb1M=","O/pG31JR7xv/TYvLZDfKXeOchR7qrVn6+szP3nUKkcw=","5DVuetuitmzSu1a10A0NO/YiUeI1MaOWIRtC1Rod5lc=","IqemT6q6S5jkH0dvj12OV/46E0IDzDm5D0lKJfLhUx4=","FZXpsLBHMuHxYgZ4VuWW2nRjo8gVc8NDf+6IujsxRCA=","VSVbRZTTEN2EB9mlkjTC4X5HOlqy55y0NhKitrUjbR0=","UFvofbZc+kDRyQG0R5SkChrYVWtQxIZpvxwnJElhdlg=","+b1fKuKrDfUVkHTbQqXewl3MZy8lTy+vl+/cKdAFneo=","D8wbjV4UXTEL8HtkTrY2uBZLUqlT2ooZq/zLWuQ06V0=","oaJcxCU+NqA8Mr/pRxLF7ROxNad2mCa6oU1Um9JTac8=","sHMq6o2L99J8/PFDJswhUUPLwUuxXwIhPeCHZNV3y6g=","h9B4qpaDZL3n1DlTeQyoTSN8rnppnTuoybCvWRbrPy8=","+vUl5O0F3QV+pKirtiFRzis8Ju4iXQCUA/0DRuUKZlE=","IudtLOWV5SdcHf3q6N4YWQLpXWs9DKNWgAN7LhngGbs=","4rBwU3wQN7glHyUeiZIRxT5UeRfp6CH/vkhF71YjjnE=","6eMAzwZoq9v6oaAfC40Ai9t2oelWmjwj650KqVOFgLo=","03V1wKAuK+JkpRka/n94hJFgBoH4btvaRCHEoJzcLWk=","Yp5w8/nYYhPif2htPjepRcLpsB/EZUaesoLyqirxcdU="],"block_size":4096,"path":"lib/single-file-zip.js"},{"block_hashes":["FmyprBNhWvFv48Nqkf+LW2FJ08P4qlk8KOMnNmj5U1Q=","g/4yorKvJnatZY1qdXzDVIzOJ05UeqQhFMwuy+TKArk=","wTKZr87VlLbtqNO64Z1zBe5bhZQ5QD6Crhje/HMhFS8=","g02Ya/J6TOTNCTSM8PXOXSXjIpD4eFsSHittuTrZK9k=","Fhna8m7G8fnwDQiZxbxD9sjVfy4rM4VcEXX1zmAIQ08=","foez0505T+l7foXUBC8/k68idwRtf4ulM8N97wHs3BI=","pUOVUa/5hXXY5/9KsAJe5LrCs2dJBcGOPXVryXnDuKE=","1dOfsuv2bUMom1qYySdVuiZVjplEzMn/4YLRz7oAOCY=","VOoR9fGT0QUjfMgdtyj4iPcpvUvpjIHv9+2C3JXXGMI=","IaFcpTcp25J8IHVdKTeXXk/+YrhtR+iWbBBe1Y4aUvs=","Z0GXh/cSQtFTF+uNJ1E49rMw57Hf80ygHnuZ8h/MoXg="],"block_size":4096,"path":"lib/single-file-zip.min.js"},{"block_hashes":["Az2tl5v0cRw0cuekbYUDsaVdzlUEwGhTpxMQq1Mpt8s=","TFsI64riY9audN5tvEU6YRh0mnCPo3kgbkyxVWYnpuw=","R5Q/R024GbWZFm287IZGBif+zSw3xYUtwa9qDlTl1Gw=","NQNY2CLNGXaJ6xfj1uhE1gCfU3+DXHXgnWKDdLrYffY=","zH/R2l5q2pzsaR+q4JN0VISP39qA+y45caml2/2/Ue4=","dCh3Ot5SBJWVwDCkNn+YpntV1E0cJ9yO6nwR0JELmhw=","lO6yEbWUiaRgGPbcHmOeN7BahcK3+b6RNfXKe9VQKAc=","3CNsGtKrxVXjtzy2K2jdJ8yuN/P3OlnDyXR2sdMFxSw=","7LAPqmGcEb9IdTLWOU0H7AuX8v4HLVjdua1YkZmmF4c=","oPj2YQZFQ7NzV/hKPO1dU3Jl1U7Dird1pC5H31B+1MM=","gfGFW1Thgtop4Ll2dFVZmnDZrH+JJZ2ebeDrdJZEcCc=","gHlGBDMUYmpCOPskuok5QVdQJguAHqe4MQ/T2m/SlnA=","u4NKDgblm/KOMGsonwyWYR1ZUMiFLOakFn0GmhdYlFw=","m4xvEIY9Y/zXP3303oMy4qSN9PPb8p4Yi6TCufa8hcg=","vNbnUDK57gPbGFszppRg5bb2xrt+0bOne+7SVjRiyrU=","RHrvozQz6lbHrzyTWiYpkE7LsAZ2CreLeDGgLqaVLOY=","bXWR4N1aq80NMjYrIEus2TgyxSokwlWZA+kY8lajOWY=","lqJDwyiDavbEl1J9rrGlcTqblUjL5udpm7I6ODCIg6g=","Z+47hz35tUKKSbS8Q0dRaViBiYD+xcwSo4lGS5CL3v4=","te3ep5tuD2tRP3I5ej/aNYnWaVz1AZO4IH6Dx3QH3oE=","3BoppivqwifeRtO8MDSH3Dmb2gop+xxyYwabl9hU6gg=","l7vP+sHp+25mrTTZixP2VILQ35ixtT/d/l0FUzTgtQo=","pEZpjuD9pdI3Z5bsOz/m7m3bZ5zgSJnsVP09dfU13sA=","RPxMTLn59vHGlQ16ifTOtjT6q5gO/2teowlHsWEQ6YI=","M4SpHMTtmC/TwuHuIN3eq9mEG7yhfSALpJY2VkeGB9M=","liBX6Rigo0SKaltNP6dTuURIC29QwcZNBjzOW6X60tc=","zNTU661A2olFK2L9zbyjgRj2nDdP2DPWxVfPKYT1ydE=","0Sg+e6kP0UQzikh+mKexF4rEyviuYHz/tt+CLvDh/5s=","m3IGJehVyfPU7Bq3vk/+6dC6wT+KgreqwdGwgPKIs7Y=","wJ0tGNhEmWuyU/NQzIwM7/K8r2E66w0r5Padctnj7dE=","TeFQrTlx/Yfg7fbqEfQR4JUpSQpgOxhAzSPg2VlFC5Q=","3/bJIFF7tR/RWitZYQXm2HvTgj2LFmh3E+n9epdjHXQ=","hvOQzeredhl3ZWWonpuTdjgM9HFLXOtN+FsVq805dMk=","knPHjGYSsZbX6Ez7MQeEUBiY1GW3PICFp0aSEYokhsA=","oQdavE4l4Oajl8onjFl791v0ttDYhicPHl9CUFPm/14=","g1SIcplsytRU8P9i6U3G0v0EWYxr8aMX2VR+AY1R7ZM=","SuOIUEI06fljvkpAbZCkMKVULS5Z6jIrKhN/eAr43ZQ=","m8REybhdKJFpwFKCMXIzKLEizipGT8R6dQcRQKmEZ+Q=","qEGT9rlnxdrvvWLXol3rCXZlo8fA2B6zzboUclvTbc4=","YzNJORgbH/1tJQkuxXHAOhznK3RmoQo7UgbyHJfZuDE=","1/TCn7cFAxIs5BQUkpKjQnlMUQjuzDeC21BHFpPBD7I=","UWnDszizLlULMBHVFfJXt+2h57s6LCa3DcXstaq3Msk=","MZf2GBuJNGiUF4DiQwBRQzjjAmER0MdSSXKjAjZx0Zc=","iyhAn3H7jtw5Le1obZyKUn6PuARoBqcTqtS/flJhVM0=","42n5gldQJzABvujtbX9MvvBiToFqKR8k2nvhAtQZ6DQ=","nO+yWcx7FgR3gNV8RifuT6fN4RCdlNvF28uJ9+Tbfcc=","5YoCSo11JYTwWxOj36hbImwrrHM4u3+vxYP9m1TP8I8=","CenEsbuHk6oWutUVnXtRq+yz5aUIAX6Vti4h454b7d0=","Tf2aV8IdCPIl1BwGj28QBIc8/twpMVCSavT3XafPxEk=","WDxiSz2cSzewFkY/tZ6d5hO/R4zGtPedlVE7BsaJRkg=","gmgnR96gOOKgkLv4brd1VsK3AOizODKeL9WGOL+msUU=","RQEOB2Va2H7nwVSTe8RWYWNYWJag6see63jSoABk20k=","D+UhRp4yHfgn7pUEK1SGrpuJfGlaJD3ih/71wO7KGCw=","kZ2q2TU84Jj9WHfEXNLODmVX2RbP8x/8OU0mvhYVvQ0=","mt6NrZPAgVjSWl1iegbWoxqA6qZ1AbgLqyR8ecwXMNk=","XCqByVHb5IUDaAwy7GNPxbwinrFddaSLkYozRKDNiOI=","jdpM72qmLIl/Jq0Yak5RtyRkAfvULaLYJXQDv249glI=","1FTPymkNuzlV26hJyLoA3qsdAtlMjNk6ibuXzZv9IVE=","xvN4RKrIRvqBSZvSW/r4NXrR4vBfoUPBUmznokZUHdU=","MLk92qEYzh1jEGQSi1qpNmFvxMWl1v/v9SL+Gyf7Iag=","ekgtALpWd7GgAAx96FhWPnfPMKW+yHX0uk/5CAIOgbw=","iHucLSAZ3pPRSHeMNtRkreWQKYtNWke2wUMN4y1cm44=","gy4kYrE39nu+aN4cW8uQSFpYD5vTwPlmH7FWb/wASU0=","Q2EfmpV3ARoh8F8XT9I2SGB6/JMWpiOE/r1HOL3rQWU=","roC+Nk34dWoIV0a8wULcKTbTl20N6CIUOXtR040tnPM=","iOcG7mcgoHKKxP3MASOEnBZUgZHAofpdvahOkNInog4=","trKQX/jloEXCmrU3+3DRch+na7GhlPmuGb4ie0BEsIg=","IZCpjUB+jyMPE4HcfpUD+8lVhWXnaMISeXdreW3x3BY=","dRroqZVoSv/kDpZYi6/NUQv4WG7G1MJJDTmEYUAR5os=","6eVxbzpgERgkATSJIHtq5gg/S8SSGTAinHIP3x1u7t8=","7StanHU69HtJAvELw/z+3NkjfFIGVHPe/27kNBDpLCo=","Io8fFdV+EWi3lsau/6s/MRk4rap6HLU6eH2639aYn7o=","/wCpUxuahdLhVNSVd6dNmuuLC+WmGena2Q2rKRzacKQ=","mkzxdMvrnqhRd7eul1zQCdLDArOdvHFcD2aPYSyiZgw=","YDl/PGnsGvZwo6kce7htSF2zxi66HyCuIrq7dpaA808=","BKykvo03NoK50oqCDMaWl4wAQ5X/4w51E73eEFIPsqU=","uzvii1w4Gmz6e3VzlFBHbiC2YIURkGmd2ZxlJl3Elcw=","Y+mo4OPmclgrCuWSBl9QPSWbr/s0CaQmbz2EFoaG9yU=","vKNPKoVR5v0KG1rl2Pmsgb+k3TeSd7IX+bZ8KJAxdwY=","Wziv7V/8HJaPk7BnkmR+PM0cELMdOD2u7i4n6esiC5Q=","KJFqIPgV3AUVET513/uQ3GfiaquYpc2aYZUgAgwQ8YM=","y2G+wIbI8ybaxTNozkJbTptyytO0V+lflYM2bChx3RA=","uz9vOxVGzTs61uaK8vqJaQQyhGTDQ9WGzu2sHrU6dx0=","3ffOExhOAtsfrLS1UynXMkvY0fniKBLfWOAJd0iWsUc=","jL5uL76hWa2czASNwBhPB3na/w6N2XqYUjzSpm4+cXA=","deud1qE1HYBzPb0LZXvvV35vZbl7riNU4rkirthbP84=","fI8cK2mynDdtJ6We+VoNhAh8CAXRX3uCEIw+ApTGRGE=","9+YAEvd6Bcve/KDfcnsd9Z8uS+kcBIOzXO4JAES6dxE=","Y+P8/e0RNMfiP45nYjFoFcGuLpTpO/bb2eiwD1YH3ZI=","SiFFTW2Z7SP7EA4XhL3hWKjS55KSA8I3RHizFcTTkAg=","xFr2bIhPLToMuM300Qo+VbkXQAwIr6yZ4XoUtrExhkQ=","YhgEWXrsvsmE33r6X8rJI1rvfCE5JqkHG5Zs4mc6o/g=","EC07/qlH2dnluuPv6GxS5sLo8MeV0F8ujHofB1MmnJs=","IJPG7sI//PVU+uPCLJEoJrY0lzAM3KEee8zCLO/XXD8=","H1Roe4it1OfzauEZ7AQBlRSMzDlvWHv+ddY6V6f3guI=","GMKhpm/It9p/tHPPRbO38F6Yz8Lka1oYkAfJcKYritY=","FmDZf2tVZnbR+FXhm5AcR2rL+4nD6EMfET/svQdXO0g=","lDMrzJfBVLvdPOJfeubB3iQgxPYYl20iGcaby0ese44=","LFoYcDBJsj22VfCht789VGimE7tFIyF/QiQHxVut1HE=","efqsKKyhkyw7+RfalqKGUWTrB60XDQVcamuvtYWyutY=","yWowANCNoQcKAcLst1sxICtybK9kiDos7d/0FGr7/DE=","DMYs4bh+6fdkwk7n8pRHJ2gxieat/kV4uGUZ3lhocOM=","Uxg9O3s3usgJEAsDBuvkAq98riv009TJnws8SAMu6Ss=","Yfm6wCJoXLr6H7S2XcfJNwsHcUbXRq56vLh0Bywf9aY=","iS9EXoJBcBiRsg7YVPBDjY9AL73xqU+3ExgmlRp2znk=","ZvYgslPJyUvOpMiOCOBYNumeAH1QdQ4VEAWuTN7LGG8=","hEiQEr7psOUYi1jJkXORcjL3Rj1O+vBPdhueX0WGC6Q=","c8ewB0qIRRKwXJ3NQr3JV4UcgSRAxqL1sy7Gq38Rub4=","S7df4uM9TPxcct70SyKjZunVPUIJfePx4BmgST/OYjE=","E2ZZ3hqNCGtd0H1FZYFQNIOCn12GXbn3J2at6spn/zs=","Y0HZXw4d5C/4vjy7tYHAVklX+nKREU+T6iEuIq/cgvs=","F/IXUgNjvhBuZJtWg1/SGdIJDvIBhqU7CIKJCQYVyvw=","uxdzOhLh+Y93cRiQC/d89NlQjqxGuDwvrnnjpKRWf9Q=","L1R3oLBi31peS3PN8A9SSBZohZUp1Hu+kqHUd21YFOM=","Ss6heEeDv0VR5BBykZQKCtsGv0Uqw92PlaNoU1M8FVg=","tC+JARps9AUIgwJl7FIx0KYqIFLRAtkAeNgZOo3UVNg=","v4GzQ6L2HYvHavW3E+uqhcFFUpSX7SC//kNUhboVXvs=","uCazEEXuvGAyL3OBBOXjok7ot7m2szjSrYBbTxkBW8M=","GOAo/NC3iwRd1ey6mESe0Ahh7N9daHlSg5DSkmpmUHA=","Z2SlROU0QW8rgDl4NWHhEVmwh8s/sHmxZ9ZYZDi//vM=","8w+OArrrmO/o0vFw21NPbKw/rIJMQk+VkB90W4FIe7k=","AdmXPfp7y+NU0eTuHFc3SkUxxucd4URqmKjIdYFq4Z4=","13jhBjI38msKrir+N2QmP6Ny6nL9C+X5Ugvbl6n+YqQ=","AVJH+f/tWnR4JZU74wNMQtj4F2w7kaX3aof1zxyvDec=","0wyjKqrqpTj9CvSIjv+/ljX48zqPNgRFBWWGCoquD8E=","iBl+MvEosU1LcVLtRk5bs0G7TRu4BBu5uewHWiy9f+4=","IQxLF6yKt9y8RdGyZlOnxJX1nqBCNGs3yb1ViRencf4=","i3VPtd2VsVJFjRaS4whC9rrX+QP9LQLk5PJ5nrmFCmY=","8uInTZLIKCRibIJcQDxKy8MI/uGi12TnV1KC/nlK+i0=","tBTyP7F6a7JJ0y79W7hGyN/Y+nQFcSDfNRsF5ZN8CIU=","rNokYafzdmG6zMTYswcAFussX9WWUEf/Iu+LH6GWiMY=","vZ4QEwaheQu9h0VfRCnve3UaJv2VmmMxWKTHOqsD0go=","G2/wFASzRvnZy81umzJLFR/Bp84VGTzaH+m+xIk3Tgo=","doN3B3dZ6/ehwDAN6ZqD+51aWh8mG1Byy912kpRkF0w=","QH76WyysBlmsF8yiNSEH4PTS4O9KKA48bY5693gRDuw=","kdeYnTUDn9sEdfBfKipq5BJ/2PTmnC4WLtdEb3n8G58=","VmwGxltk4IdOsga/qmvjYStk2zmwXGBDtedOnO9gp5A=","p6pLt+lyQ4UlDGw6SxCpoBC6l/BlqeXP05/IXwFjwqI=","wegyGbaf+jrrX5Nm0Z/QyPrdGPoRbDEGo2b4jcWKaKs=","qUL8DRlJXkniOrpLrDj03XBQ+oZ0iVtq2GAXWAgNxII=","FQIQCZugtl+Bu+odtr8LebSMpZGRkKiFkOkjz4u0MWY=","HT46wPn/SCLGn6JOFgwwBPfIxWVpOwAs0lPId/FbKY0=","QtLdP4V6zVREjqhr5EMvSVKxq2djvq4jOaWP3llKtV4=","6sWcoydL3YLchK5rK54neFYWQ2KAW+hDyhqS5VhX8/c=","Cx06BrVWT7Bzxv8ioBtVGUHcmmrxlU2pKgxo75O9mNo=","L/C5ZaOxUUkXAMvEGabKUR5X0ygVDp1iYvC8xjDdeEI=","LoR+GX1fCka5b4o103+BVmQ0Z1VwNw+o9ePzWv+bqkI=","r5Xf8RzzceYOaUpP09Kl2aZ76kAjnfJNs01S4q1Spq8=","t7knxZZz/ad1txKCZ6b0l/Mah+Son6n1bQgLcNp6vqg=","jbwcb4wtxoFzH5opBECkg2F3KtM12U1UjiKkxHQqZEY=","QV3slHpWCunDkqbTiVtmb5NfphEQjED8wfe4Od9nfCI=","oG7JHiq1nCp2OzVcYbs7EYMGgr7JOCAs12ONwCzmeBU=","DSG9fApOsF8xEUUKr8Bz0l9QFNoik/rDj492+vIb3Cg=","J0exVG6CjKyOb7hHPMkBJcjS310tTlBdN0YYA2M9d90=","Dd4iIo7/x9hLOWD4gpUguvOBZFz7DluI9EhsNJiauOk=","4gGnteXklayOosT37n1w6EcOwVuSZ3aJ1VdN2VaQ0Uw=","XO2zcmFAdFpx/HGV8C3beZ/TSXr+c3rx+cjGHmKt8Hw=","sUiKo7PQx/c1osvcxBzlDX1X30n6gzxO6zkxqaPXEec=","ZXyPRlapva1xVZ9SovfI5cSJObOIPvKkMue52bMrDMg=","LvpyiX/hKqk/iwhmMQKJJ8Kc+QZ1lEwX4ebouhIQXZ8=","NK3L6rWqLgrMnSMspVFBHccxgX/lszwlkmGm1vm4MP0=","ALfvYOaUdwahHZHTLCYccWVU2mOmxEkaFdwkm5ZjZJY=","ADt10AGwnxceGDO4JCOCGeWi4CvWq3LkP1kUIFwpgtM=","HY6Mf/79w+WfAc3Ph4D/bHyalye2TujqFKe80tAqTSc=","dGPlPFcqfuHY5PDvRD9gHDlTh6RdJo3EZYNeAngEWqg=","jT18/BC21OCHDIdvUAeU1i2Ez8AwFRiYc+7Da5ySrxA=","M+/8C1CmbVvj/A53+IoGChQTrZ8xTAV97kxIO6J6730=","GQw/yxc5+u1Lc2gmqOTKx2sNyHQusx3eHvmugLjpR4w=","D4pyn1m6PghNT7ZvXUmFemSXIEmqTJtH+//WTZTjuj8=","XiqhIPbYvNbQesYflsInENGuJGTbMBPwSijHM93B2Io=","alU8HKDDKXP28+r17Ov8q1culi9Na0hKBAI8DnbJqqo=","thTRICbsPENOd+i+rDc1zx6IyCwZ7KufYkS7hqQsSX8=","XKIY6+zqz1xlEJWFLeTF5R3umBRddh7r2tL1Aq9Haoc=","0HKFaocgk77fJSn8iKsQRZk7NxgS+M5NwV++3SmsmoY=","GHZ6n2rumtTRzA3UbxmMvRJ+RgimshRlaChnoQ5/I6o=","4gS2uO+WuA3W/MaYpB0bksVluSeg6pgADpDpCdZEzHo=","mN+FNv+DiCUOU1/bYgSScNPHE0SEBKahgurD+S4PLls=","zSl3nqJN5ZytwAShhQNgZf5R2wz+hdzAlizKax11v2A=","VOwkV3USc6LJ8ZOD/PN3a2VcoTPpGFdXz5J7rVgW0eQ=","IRnw4BEh6Ithv9L0ew9v3fKZyMfO2TXnMvYzbsYEUcw=","k1ZLFP4+EbYhjc0Jlz+0sb64IobHCiadE5PZsJn8QuI=","8HnYcHfXvczA7AO71BHUgRdlVPw/VOOW3mt3wQ6SJz8=","y+K4V7j0IktKxCtv/HYDBrMgA5EeQSASsiDeCkdoqyY=","TvVNlIoUMPpQA+Ad6UPuVtURIba9ZZ/Etjrv6xadN1k=","xvgM8o9XosK+RzEQ729rtLD0otCs6RQD8tcPoX1tlzg=","aEuy30clQN9aH4tWEKbLxYzCKLMphsvZBu5cAY6KHlo=","LXQJB8k816s0jG3BCWsgTt9RbeCz/Qk0oUPAQ/bGqKw=","E5xmOsXLYc46fd8TyICQ6eWgMlGvVNlJoSN1H4J7hWw=","mQMR8T6AkzWNASBgVrACoxHZl84a8Vm9CZn9lDevGHg=","zRivRnlrAvcJTl198bob/uIPiAWgFE/vFiSlKvU3ZTQ=","i0qTkmpX0v0SFPgO2pDbRf7+/nHAvgZBKFF62FjiLNU=","OoP0cdw38Ido7454TO1ParOgPreW23EJURso3HOECmk=","dvtF92ghJ3yATsKTns2Ga4GaXhopJpopsTPDyjGWsLk=","qExMHpdSQzN+imb7XgmUU6ZYQORme2zfhkfwpyiRqZI=","BsgCyhp3V5+MQiPSMQ0+DZgVDFLbEOaueF64bSVdrmQ=","MkdoGE0fXTlYRatvDAABBu8T6tqWNNq9WO9cxC/UZJU=","T5cjRHGTs2QrgMsuvP/WB2nqxtjUDVU586h7net8SBo=","oRgPDHvFB1fc88nGaRJqrk4CIe9cCR/yl/DUKgiclWg=","6IqdExnqcifveSdREHCLVySvJ8Y6eW+a/bANG65o6Vs=","b2wRs9pn5Y9w3nwva/UIFf9ee1onyauEjyeDz1YZnaI=","oe8/IeNr2JgHa/AhVN6VxBIKCUMW+rTYhkJQO8oHFxk=","UPW7Hg052GbLCSpfeWDCmnLB5o3cyscjLEOh/Yh63WE=","4eN7nmV4GSqL7a0oML9ETuZtchHTdduBJba2UPW+K4g=","N4XKipxoH5brfrCSvX6SBIyxlo21oaFjrFSED8YdopI="],"block_size":4096,"path":"lib/single-file.js"},{"block_hashes":["UWv7gF0hs9MYygykp6sEUj7uyr0cR1DZ3ATcsJ4z/AI="],"block_size":4096,"path":"src/core/bg/autosave-util.js"},{"block_hashes":["P0hev2uI+YXrXKTIsbONizqBfSKQWD6GEUuW9vVxHds=","2v9BgBTtlNmpk8s8ZLKu8RhqALVZ7Gv0H4tYb1wt7Ag=","O3WPq6qSPpdwIjUqbEPXQMt/Kkqc6K5aJGY/N74MJx8="],"block_size":4096,"path":"src/core/bg/autosave.js"},{"block_hashes":["2WQ2TlFw0AWFmZ5Sjhoba9PPsX22ocrGjpl1JuU2ZpI=","eRwqNVrDOKVtk0nX3fmtJQxUEOAYVYKbVbK4qU7oZXE="],"block_size":4096,"path":"src/core/bg/bookmarks.js"},{"block_hashes":["PFPbKmUEmCzLTuaLEUWQD3xv4REvk4GCexfYfQjOHwo="],"block_size":4096,"path":"src/core/bg/bootstrap.js"},{"block_hashes":["Z7yFrHMcH4/0qLsaJGJ2yE7O721P6VRc4+KbM6dVJGk=","pTlU7ddpj2YMZVuY0JiW+0l2PgA0wwMx/9AlOVuwGnU=","vtfOAnVTmG8VnIYPYsH9lp/cAUc216GcH26K6Pgr2dY=","38nhOHmong8q8Yjg7r6LZlTCXPd1y2h40FBUcoZXw5Q="],"block_size":4096,"path":"src/core/bg/business.js"},{"block_hashes":["xfw4ZUaQGszc4Ruqb2Ru3hVSSXFJOn2uh1ZHnSEJuaM="],"block_size":4096,"path":"src/core/bg/companion.js"},{"block_hashes":["GrnVr8VPH0Dy0XHAXNrFaBzfcMe15ovESqKZ/A7nXq0=","TBKTjwn3UWPgRqOnclbZ+F/iK/PlUeGunR752ax3CaU=","LwgCRodARB2Fap7RrpqJmpRNQqQ2mzszBcof0raHW+o=","y5xov1CQfVGABOZh6yOMaMoaS2caThOIGblMDGueJpQ=","gyAY+kCnYNhZxd+XUxUqR9g4NQ6V1qdk28cGBlbv4Dc=","tg8QMeJbH0IFJJwKu0Uhufl3nxRAO/AOOeHOhJuIHk8="],"block_size":4096,"path":"src/core/bg/config.js"},{"block_hashes":["Xp+f5wO2E1jjOh9iVh0r0kIXc/oMXnlpC9LaF4xdS9k="],"block_size":4096,"path":"src/core/bg/devtools.js"},{"block_hashes":["+BJ82RLb1V1VRHE9ucxFlRIoGXSabetn0nc2JWX0WQY=","3tg6UUu8VAK1G4HZg/R/OZiD4Y/cJvTVFjI7ILZTLy0="],"block_size":4096,"path":"src/core/bg/download-util.js"},{"block_hashes":["V8RoP9b9qz1YOD3G1YjiB2OWz2fGKLYe0K/72a25p5o=","wOX/f19zhrks6jMzIVdjdFuJYe5KZ9uJFh+s/vZ4g74=","hf/FuL3EujTCDboliLhwJbhOIUaH8hf93sSqE7xyDXQ=","iQ6k5nLxRNYV0K/Z9hfWz/BZrC7yX9MV6yvc1e9grR0=","BKNur5RBQgRSnbqMr4WBCYgTU60OEHVljUqipqCZurA=","ZiWFVn0R+64kkDCwCTMUrG53+rM9ZRruH1BFDba8XXk="],"block_size":4096,"path":"src/core/bg/downloads.js"},{"block_hashes":["+Eg4Er+AKAGtCQA6xqtZhBPswUcFHsS+ZgQRaOc5/JU=","n2c7N9ZsQYEwCRIpswr5mnQ2OreYtoqzOkiHZgloSbI="],"block_size":4096,"path":"src/core/bg/editor.js"},{"block_hashes":["pT5QfH+oLgQAbhB/mLWt0FjTcHL+ewXBo0GGFjwgnzo="],"block_size":4096,"path":"src/core/bg/external-messages.js"},{"block_hashes":["G84ajolu8KXsWDxIrQVPPr6vsLnyrmHpoGYweJF3FWo="],"block_size":4096,"path":"src/core/bg/index.js"},{"block_hashes":["du+2Hhda0BRcQcwy/kH9ZX9bMbNRXb53e7O5O4CxIls=","D/fGgbYAUPLFmvK86UYNR6FQBmuztCGyj3g9C9v8m6M="],"block_size":4096,"path":"src/core/bg/offscreen-document.js"},{"block_hashes":["u106PReEhfepeqCMPALIgJEskO0rIWjkAIu3O7G8+qc="],"block_size":4096,"path":"src/core/bg/offscreen.js"},{"block_hashes":["P+Ig4HwlIpHirqIsWp0Zu3pm+F0CcgHT4n3KPYzhyhI="],"block_size":4096,"path":"src/core/bg/page-orphan-hack.js"},{"block_hashes":["tO9SNsFNboRiUaoCBOqQIIJnfz3tnZFI1wRfpKIPLTY="],"block_size":4096,"path":"src/core/bg/sw-reload-hack.js"},{"block_hashes":["aHgWRWOSsjTGA0eHJOOJdA4o6dNmkooM45EPau1M7L4="],"block_size":4096,"path":"src/core/bg/tabs-data.js"},{"block_hashes":["XjpiFCmVPRvDten0UmeMnyAoIpY+4h0QADK8Rfd5urI="],"block_size":4096,"path":"src/core/bg/tabs-util.js"},{"block_hashes":["jhgsgv9OwEyMQBebmL2KOIIRgfnLA4R2EQGr4qadCtk=","Cf2sfMHVAljVT/OJ/adkjwA22qlteviwB0gyLhI8AEc="],"block_size":4096,"path":"src/core/bg/tabs.js"},{"block_hashes":["LvOHXuLFgx9ETVHieOPkcnZVGOXNpwJQ/o1Wx6gW+To=","MlnnQ3CfR6RK/zSU8aucizGCixe1/RRRQlS921+D/T4=","7/uD2PolCbpAp8JDegQNHqA6Z0R7TL4Kgos6i4bGb+k="],"block_size":4096,"path":"src/core/common/download.js"},{"block_hashes":["tjBE383QS5Aqok57vvkyJPnigrusGvMWIHPjuB8I/go=","6dW95bt69EdudssweR3ZjrpeU7PJbHLQqUB9T79Vggg=","Id70oUtu5xEG8mvoIOV/Mu0qFhafoUENlYwVCgCIO6g=","DkScfZGFCcKcJ4k5VGIlBTxTXIUz3FzJ5FLDMW4ZUJo=","aVHCAwrc7DwlYE2ASgFvP78pj2vLk09amLpcGUuAYFM="],"block_size":4096,"path":"src/core/content/content-bootstrap.js"},{"block_hashes":["bvsekPpxMkqb+buhB5Y9tIP7utLLpwehegLQN/S4tRM="],"block_size":4096,"path":"src/core/content/content-frames.js"},{"block_hashes":["7RQqcARsskbuGmnytBu/bjYKHGpnwZvurqeHVuu7/P8=","0/jL39/fzza47DXKGoeTya5+AnmrnxBIjPmPt9MmESM=","4HcxqaK1nuUEH3CIRZsn3RqmWBJweKGguSVSR6luSHQ=","mml0mPquGAnJjCj3h10ri113DI9K76vswy6EHfVMhKk="],"block_size":4096,"path":"src/core/content/content.js"},{"block_hashes":["4Lgz2ec5BWbzzniQybYw5pUSVOYK4GXFsa3i9SArstk="],"block_size":4096,"path":"src/core/devtools/devtools.html"},{"block_hashes":["ofdkwmM4ls1UARs2fZWZlTstrYs7XDqskMrX3wn97Mc="],"block_size":4096,"path":"src/core/devtools/devtools.js"},{"block_hashes":["fK5n9eMkXf46FRVnKaEwE1Q9J4FxA7nNJzEj47koSGs="],"block_size":4096,"path":"src/index.js"},{"block_hashes":["NzbKYC2hjNy8+pJ8gXM9+jIB78PeQzrtUqpWsm1LWPY=","hcC2LX1iJdIJc9KAUigTTnIZjIh/q87vv1MItUD97Yo=","TaDA4vCgj4M6mUby/53ab9wGPZYykTZ2RqwYqrNpgPY="],"block_size":4096,"path":"src/lib/dropbox/dropbox.js"},{"block_hashes":["WSHcUSPmE1KdW+uhvE8umM4glKNywfZP58xg1eMuQ+E=","KCexmjXfSnzNulQFm1JtcOaucx4gSV/P/cPNRsW0O6k=","8u71S0/tHf15Pk/gORvgOr0ayOTIXv5g0Cu9sKxLPgw=","tCBZjW/HIQZJNYPccakSnfzAog2HarZF2LW75fRKCpo="],"block_size":4096,"path":"src/lib/gdrive/gdrive.js"},{"block_hashes":["6mCIJNLBqyYd+iuU+JqWVCy9d+PU/lFgvKhMJlpoq3o=","uEbE6goYosiRWj9cWsfHceOgHQu6sZyThRHYvmskGtk="],"block_size":4096,"path":"src/lib/github/github.js"},{"block_hashes":["+QzJ733P8x1TcYafnwEXodw0cpWKHEbvznQzWqZm9Lo=","JKDEzN+trAXur0VN6dyUjonKBOSHhdhVN9sBS5tkRhA="],"block_size":4096,"path":"src/lib/readability/Readability-readerable.js"},{"block_hashes":["cn1VPnX7itqqvHTdPVuVAe1iYJU5Ke+iKvwOnHZnWgE=","VqmUHosKriuchZWWko4ZzKqgq1WfiKy05hV+QSk3y64=","Ii0ro7O17t5uNpVVrHLSy9NB20YyY0iiN1NkEd2mBxw=","tk90ylWtsR76iKuYGS7hF7TmZy6Mzld71oboB7GNLPU=","jisoA2bKd9ECMs4crqP85uxeWCQ/et8j/uuQGp+gFVU=","KZ/UXRPjzBR+F9ItLEmEOkUKxtAzv3F7ltyLO4Hsw28=","HFtZf1tvJ2EHgIpB5mKyiHyNNuHvlRX+hCRijl/yecY=","E6pSEeh/yyxBIJW1AsIvBnTKnhYh6+wiQ1J7P66Nca4=","AegG2TiVmIW0aTOAbeCxh/0oa8spZNY5Vf8Oa5Ft42Y=","gQVnRhwSlTPE4+eeNXQUZay0aVPeSY/k0KIMb5hotz8=","g4Pr8qGkTiEVIsPcHvsUnjiIwOokabF+Z2tRnaAyOlE=","E4PE6MT8sV+5F0EpIXs0hKgUS1gTSPatj+XJOdWWcgE=","R0AOxyU9oEnNR3VpV491QcwjmDZor4ub7dYsGbvmMLw=","pxxAHzze6IxGj7lgd1VGKA3WWmiKDS5/Udr9Jq88uLU=","l/S+rjkZWwG5HgC5qr0cyxlOHvwgp1Kalt5A/dGI0Aw=","csuZBAb0eSRvF7ehjg8hOq9hgy4+hiOHn6238z3xQxE=","Tnn563Mz2W9awUd4axTMFDdMEzrkn4PC0nDHzC99ZyU=","wxUGpoklfSgkKLttP9DvvwIBMN5MssR8Coxgu8E4Svw=","2uk8gpxx2VLQJ8JvlgDaZRQkCGGvZH5s5VuFmpERtH0=","VIINFpDaw6ONGzQTOcA/6SES6H6AIQfWmdTv4X+5eds=","1MLGyjWSmKkn/ncmMVceU9KEJ5sq7D1gbZ04+6Iy3mY=","ZF5bRbvclKW2p+G/TT/kGYjuoqioixu/6pxdgWPDnAQ=","99z0tuiBWL1ZSNvuivkM6tOwNMeIy+DR0PHtAol5P4U="],"block_size":4096,"path":"src/lib/readability/Readability.js"},{"block_hashes":["m0TbuV7UKNJzanZJhp+5dM3346Re7tdaRoGN/R/dMFE="],"block_size":4096,"path":"src/lib/rest-form-api/index.js"},{"block_hashes":["VkIJ+cG2leulxxP/dd9GwSekZHWk4jiG/nc5IyDPcR8=","VrQYSM/KJe6+6PRj3gpbcT10qf/PrSUa1J1vclOnzs4=","96DGRyKKJCWUqyaaTynMkM2xf/lVWK7PdBt1WpAM1iU="],"block_size":4096,"path":"src/lib/s3/s3.js"},{"block_hashes":["g2dIsfZmkCDKv9yS5q18oq8OYbsreVFYe6ksgUiE+n0="],"block_size":4096,"path":"src/lib/single-file/background.js"},{"block_hashes":["+T8CHfV9KYgAt/AtXj/Q00NvZoKArdsP+S6WmuWRfDs=","7mrGCLXE1k+HmnTHoSDtwdqweJWFMEj7/6evbfcYkhQ=","TFMVX64veMve8Iz7vhDNrRG9utNeqNal8sukHHrhdI0="],"block_size":4096,"path":"src/lib/single-file/browser-polyfill/chrome-browser-polyfill.js"},{"block_hashes":["PWdbyf3qSPmZNivsc0QAX5ocMhAGCtrVt7eIiuVP9PA="],"block_size":4096,"path":"src/lib/single-file/core/content/content-hooks-frames-extension-injection.js"},{"block_hashes":["ZQSK15FWr1z/+cxgK7+UM1rN8xwOTy2RD2yi5kxe+D4="],"block_size":4096,"path":"src/lib/single-file/core/content/content-hooks-frames-inline-injection.js"},{"block_hashes":["y+BPuZAAvGpBHtN8/3DUnpavDK7WUE70UaVmhRhXAYs=","+f0Pb4QHaT4RwSZRHACyW8KX3+JRdLzT61cHHuvU3IA="],"block_size":4096,"path":"src/lib/single-file/fetch/bg/fetch.js"},{"block_hashes":["1AoAZsQAKuX6M30bRJoK7HvHsVbwNclT8k5wvzTrtG4=","qJz+zZ79gYlEwRCqQQBidtrIW9PA7uX63b2r17vQcfg="],"block_size":4096,"path":"src/lib/single-file/fetch/content/content-fetch.js"},{"block_hashes":["bDB0sw+J/p8ibiFx6Sy1FsHGLp7jOgcH06MiVkf242o="],"block_size":4096,"path":"src/lib/single-file/frame-tree/bg/frame-tree.js"},{"block_hashes":["PgCG4v0LDLXvyQgu8vuUwLVSv79Hnrpgz+g52Xn5uwo="],"block_size":4096,"path":"src/lib/single-file/lazy/bg/lazy-timeout.js"},{"block_hashes":["nfkv3vvbuzy4hqXPj20r81m59EpxO/UTY5x9qDdZCVc=","3tWH5gbunCHQQxpWZBwYAWRNWQpTj2DRLmX4xqMuO0s="],"block_size":4096,"path":"src/lib/webdav/webdav.js"},{"block_hashes":["uP1QcuW4E/DZ18fqKJ43wz9nEAPl+6gui6JN6o9yhaM="],"block_size":4096,"path":"src/lib/woleet/woleet.js"},{"block_hashes":["5qvmtLilBvnll8vIgwn4v3WEQjVCYOMcyakvKpeqgqY=","c2NheGA9+EI1+60JvCOReW0tBWWFY6ZAW7FO0mylVUw=","L81xw1cBAVW2VtDADHdsExD6Y41AWOw8IbGpQaOnzlk=","x7rkTeYULtMZyi1qnwfPPvceg6+70ILaINXFO5lW6Y8=","dBJtfhEKllCzlGf1caw4XHExdZjRYtghcl02xhu8iwY=","pb0kuV1jlxHwM4VUAsKMyR3doVQ46Jgkgky50VU5M+o="],"block_size":4096,"path":"src/lib/yabson/yabson.js"},{"block_hashes":["0i3fThgNVERLFYgoXT25/gCfi9KgnH7pQWqfRxbqbMw="],"block_size":4096,"path":"src/ui/bg/index.js"},{"block_hashes":["A1djpHtFvSVSRn3O0ZqXacmRy7ajs9H4fjjR3Z6TG+Q=","wux9B56tU3i4rI+l+1xCwwue0FAGHQa+QUHVxfocJ4g="],"block_size":4096,"path":"src/ui/bg/ui-batch-save-urls.js"},{"block_hashes":["YkvxT2wUOdzczpWDVQ9aoh6oCrnvFGAn7B8v1zftT4o=","WJhRaNgM+M+nLw7o8YZF6jurhl90W8mYJN+/yxp6c1M=","hjHXRhnqtuYJhMCMnWpg01JtuuweYPAickLqD2yhw84="],"block_size":4096,"path":"src/ui/bg/ui-button.js"},{"block_hashes":["xWwNVLYf0woHV785RIGTNe/z2+F+mwHys4PQ11k/g4g="],"block_size":4096,"path":"src/ui/bg/ui-commands.js"},{"block_hashes":["9236qhD2WEgFlX13c/i36+qsBxyzcO/onpDG4aOJbnA=","zjioZluG/5WeAvR7nBejPYOHOSegVMz16lgd4BvNIVE=","h2SbOBKXRpY7kXvuHGWvtKqWpt1zZU2RIqgiWtsP+i0=","MGFqxXVI5NJ7hwEebUdaa36y+NpLUt3qU6dmvmn12Ic=","k32Mi5Xb94Q+J2+WZanpujoc1JK/DO273DkhIvXeAIA=","xBMJ6YpKdxxrY3qBH0HK0Qd81j4q15PbqttW4Os3cqA=","tKDcBhVCuGEm+a34kurXuOBR1xb90yZUciYZoggsNUY=","h0Y7d66u8OFKY79b0ceTLCiQnMUt9hHbYKRdklYprzg="],"block_size":4096,"path":"src/ui/bg/ui-editor.js"},{"block_hashes":["zb/ipvLrtpI7Kuv5pZVjTOC6AbTYfHBXGsPc/FUACz8="],"block_size":4096,"path":"src/ui/bg/ui-help.js"},{"block_hashes":["fyE6ODGs5CQxN5I9oG2MkQ4pDAKizcjKRoAfadUQowI=","apRWWlEs9oDtiCatRPPjHNVWUU99sX97FnKW4b0WCaw=","hcpHaVvpe3boteQ9mcvo7aqmAqWD19CEYtHqdf3e0dY=","oob+ITeTuZ9esVASldtgAe0ypuLXzhzHrhQEVX2meyY=","OJ2E+om5IG8y8GfkVP3Xvtl8KBaeNyGj5iEVPkKq/T4=","jyo+nSb4VlerY6ooTB0BVoS5DrC81b5AJRIyzNTgoXg="],"block_size":4096,"path":"src/ui/bg/ui-menus.js"},{"block_hashes":["kSOmpztHG+i7wp2SrzcCK3kwFU0HJ2vUIvEIHhegRrk="],"block_size":4096,"path":"src/ui/bg/ui-options-editor.js"},{"block_hashes":["M1Ow1LhaS/v/b4pmBttmWMS5Puf1TUMtgyrK/g8tRw4=","YlHw30jmI+sxr6U50zUm0uMLd6NyscKQHHh8AaSaSdM=","cgp1ZxPLRZ2RBY+GvFUEZ84sKeSwEocl/av5ep2znX4=","fAVjuv271fjmRwDshZSRK+YpCwDr0aCs+rVM/oWvpEE=","F5OAoU0sXLc2aRYb3nODdbPUpbA8ZqkC6QagMGjROkQ=","mhRjXE3IyAW/o7hB72tlT011klPOhqOSd+6PCiNc23s=","Dbv/uF8SC6/8QreyG8OxanmCgptB72b1FHtUPKGPBLM=","3XQduEPgWobiuRB7UGkH2KA4DdnaYLkNg4lmMX0iiEA=","ZLe7HW7iv8M+/JCd8JGHsnzhfz1Q2TDwfUAUx/NMA1Q=","tJrOkgqT38QrmeHosFIFXhkGppw1xOtV/ppYXAyeWck=","td14m2Ipf32LIXGWCGwFOrryrCDmQjR2IE2w2lHfDdU=","5QDyFF5UBm7A7E+GwFbxZVbkUwjaQutEVBCNihaQdQM=","i4/JSh2rHptETb8EQUtu0FakoX9r3iUTlJG3Ikos0As=","KIwaw4vxizdWVBSUn6iK9/2Cig2pdoOTp3bd/kf0aOg=","K99GymiOxTAcA22WL7qMCHmteE++m37IZWZbJSCgRHo=","1zoJu2majx4mkcjkkf+nhfOawwzfmmjhUTjt5MuV4to=","mF34fqQ0SFBR8ihGlEMgHbjfx3nRpfmrw3rXn/1obMM=","gPnz9Y44fhLPEYeGkJnIVrLlsSNiaT46VFubBHIi+eI=","+LY13sVAIjPkA8Xu2eWS2ScHq3xJcnyCfKKA78PBL+U=","pjjse84UF6HgnHG+GTgZQr6qqSEawF2q2JYA7d99TL0=","fssXrcnaDf1WV0OohmgUwWTWu/c5rXet7O3/76dfUAc=","5mwEXsv0wIORhXVg/IPvGjoEfwspTlhphyiLh3H4raQ="],"block_size":4096,"path":"src/ui/bg/ui-options.js"},{"block_hashes":["ggy6nDp2z3jvSzPm2+y4m3QJ1SkKLigPlFPeyXs6MLk="],"block_size":4096,"path":"src/ui/bg/ui-panel.js"},{"block_hashes":["iuWz1GMCqzttrfX7/d9rOVKPpNUzAdnBD2DkAMo+MPA=","dLpR1yoxGHkslD7mT5gcHj8HdwvZ8LBM+Tw2Z7aWy10="],"block_size":4096,"path":"src/ui/bg/ui-pendings.js"},{"block_hashes":["W10DwiHRxFFYdiFfnGV/RayGQBlQCS8Pf7Sx2pvotoA="],"block_size":4096,"path":"src/ui/bg/ui-viewer.js"},{"block_hashes":["TOzNLNUnU9nZXwSoyPeWA+n5g6sZrlCJw8iWNYhx7PU=","eZ7AoZjZpR+MuPXPvuoE5/hIdZPH9YAMBrMc1ZBaHeQ=","oc/Yc0fT4m+20nCVFaZMY80oObGBPLRdh1BlsBg0pRE="],"block_size":4096,"path":"src/ui/common/common-content-ui.js"},{"block_hashes":["nbHuMcO5wyhzSobK3c+aWoSeDVMV/DJIm9ysmKGLVyg="],"block_size":4096,"path":"src/ui/content/content-ui-editor-init-web.js"},{"block_hashes":["k6NM6GODd6UWCgLqPYkiWpdI2e9OIn/ZtM+itos0C6A=","WfC1pY6NDHsflUquejh+y+cO31jTDR3WTf2UWC/EM5w=","rXSg6YuygVS2dPp77OvkGVD/BhVUPP7B9FhJ3vPEeQA=","t1reypdsZPvUxac9SJfS1qLSb8IqQyONiKQEAbwO1Vw=","UVaZERF7GHYYknP5Y0+kY5NcjgeXbDS5Qkhi9cnJtP4=","hyBc4kKGY1vhLlMg1iOG0m+lgyqsQmD6UOHhgpmti+c=","SacYM+3EZ+CzaGcWyTLMY+s1tAcPjZFBubnY+Ev5fgo=","RbPTW/uespX7cd5IOoXV6JSEXwB/W3PpYGXeQyvEeCM=","Olcxhr9UJ+2WwiBFiduTfh0FJ3Ff7h08LZpXC/rGxds=","0xW6rjAUWVSSCY0Topg3oZdbfTqM7bL4uH1jVz+H968=","iNmKh1lhw4AfKTjWhKUx/f6zWZl7ISvw9yo5nNEqXoE=","2dgpffnnMHaUZynzKehu4Hhki5w0i8sOuuYg0Z8sa6Y=","IxNBLWw3NNNVz9bPsabrppTJBtmEVRDjMocecTKoAII=","f3wpZ0LQXH6SGdyu/M6NMOjQoQANj2uZ8f+rrQ76AFs=","Vz357p1kHaLPhWlKXYwC56ZJAH4V12dZqBKeJeqRL7c=","0xkuU0drGxEh+uciXH7oJmuZEEniwgGssxK+22a9lSc=","0vtbHNJmaC1Q+JIkYEm5kSjjz+Sq3e7L/OURGJ/o8vk=","Qi+xd4o0JDc262efl7DbGPkTmQRHVmCjs5he1tHb4+E=","Z5/aDfefNg94eBN4PKqc3QMWkF+1zIqpuUMY1yMkzJo=","COBUxOXCJX0MFPMuL4FaCGGCsgJSOmFYJM6OUJBgCjs=","qs1r8vsQkgWeh0qcUbYbzkG++5g7o+CfkmghktPQpxw=","u/Lr68sZkDmArbGZCd66RsWUFd5vrMbwtQR/umie3aU="],"block_size":4096,"path":"src/ui/content/content-ui-editor-web.js"},{"block_hashes":["gwSCWyj6xySSah11gpnOYPwM4O2qYNqnM5q+eozT6/c=","o19Wsa7PE53dEPAeF+1H43f7zCFgun/G3GUfXZcQQGg=","viP7kwnkm1zK5ISguiDuWHvUYEoylQQuYqAfm6PqFD4=","UgM2YjdUoWE+BAlsI4T/SLTM2AyXbSKSI1xNddgDaS8=","7mVMgPL3igTGSn7ksa09gx0pcWGjUKyeEyo259EyX78=","pEleTbazDR/RzRb9WPzoZWFkysTTXBXmW2ExXctwmTw="],"block_size":4096,"path":"src/ui/content/content-ui.js"},{"block_hashes":["bcANOW3qFx2sNIoDuvyZq3+lxKCruNGro6Dho6sdPOg=","9yQX5hARwEUB/UH81znlxNs2vsUNVCwEeeAhuj/dFEo=","86AavNojyUafSh0OAYqRN0inylBGb/A3r6TyZ819cnI="],"block_size":4096,"path":"src/ui/pages/batch-save-urls.css"},{"block_hashes":["zWXNzr5o7BmRDucacLXFED3LacNClhdaHORDhPlibp4="],"block_size":4096,"path":"src/ui/pages/batch-save-urls.html"},{"block_hashes":["PirjTpQpq4ClMFUQKS9+A1cII/dakE+ZFdLjS4NZ1ms="],"block_size":4096,"path":"src/ui/pages/editor-frame-web.css"},{"block_hashes":["N/E2+bUHNMyZY22X23YhcfNQmDo7VKl5RySQhlU66dg="],"block_size":4096,"path":"src/ui/pages/editor-mask-web.css"},{"block_hashes":["2AnM67iTBXo08ZFeuQfNIqgFQIQbNXSyxwK3b+HRVCM="],"block_size":4096,"path":"src/ui/pages/editor-note-web.css"},{"block_hashes":["lSzTtNuHmc/6279JW3Jta4zjIJgtvBuxRTZ44TQ83K8="],"block_size":4096,"path":"src/ui/pages/editor.css"},{"block_hashes":["0kyVlEFukhvqCTkaGW45Gi0kMbuHWJFvp3F9C9OIQWM="],"block_size":4096,"path":"src/ui/pages/editor.html"},{"block_hashes":["hfQw+2IXEdaijjE01B/i5V7YvKTNmMnaQtEcBIWV1RU=","u4+OQol5sZ5I3hC4+xAojecjVUYS2IaYrVJEqSPC+Qk="],"block_size":4096,"path":"src/ui/pages/help.css"},{"block_hashes":["U4IXlIXcGxili0JtTi9ChTe+oMsesOOgXAuH/LoZcNU=","emjjDfFHS2jLh0S1qYAGdggrOVmn0yKRdewIbLmrau4=","0wYPnnjMETcWnvaNY//0td6zMBUZ/vDS48vTgJpCVtQ=","aWdF2klvR1neXi41M3bdifE1Uq85gCuIPxuodhcnINE=","1BVPov1UWnhJRdrCJ6nN2tzhHdz58j0DlsuB8FLGAuE=","nqlGxnzVjtImJIQyif5RqgZ3nJdyxssK9c18FRF/HSU=","McRqkPHfLmCxLtFojRWaOsp6khOPDIuiLM84X5Bl7fI=","gHvy6HaexCK604rmYNfWt+OTr6jX4Au0WucSubwcjYc=","Yuql6jK/1Vh2Hdc6HwYpiBmTVjKAtvCfBUbNzxoMWik=","8FWpvbw+KdRVTTxz5ExuE7vQLtOvkAM1WGdwl9T79Ow=","cc/Rw7bsFDbm2BkCqqFZcRd4+W65wb0ZauUd/vB/5ok=","HxpPpQBPCEIEVVS3qsmDcHf7mR7UF7it4g1A+qVqHgg=","WZw/2ucBDOA+/6cwF5yRaOTXour1AClJgxkpwD3GbsI=","kOwersDVduVw8TrO/odzCnKtiwSxpCxNJyWmAcTJWzs=","Fcs2ze6aorfGd/3XfMBS0xHYIHBoAGsp2Pdl0Qtkh6c=","sGpzPhzMlGLI8Rb1Kq+5WnhIBq/JguWwAKczb7+P0Z4=","YRigJVd5SV6VwSlftVThcnkGr08svJyq2XrMIfMEjcI=","e2DyEYkHN9cnWvK6bhQjN3XtJ3GSN/OSRGYPxoNIwVs=","tnxsOHHomiG6EiVCQL1USgdqFrnMSp8+agnE57ZbumU=","Hlp+t8StRf2O32hyOWMjItNQpuoYA+9ixlxQnpOtxcM=","Wt5+1+vnyK/D7lP4ll+eIGC0BVRM09y868mz6CsnEws="],"block_size":4096,"path":"src/ui/pages/help.html"},{"block_hashes":["pzdMTBMCPwbrs7fNrOAQ7Rbb+xLM5Oaf5PnafQhkVvg=","NnCyFezvCfuM/vOA1+umdRg3F9CfrbELqDD7JsBYwxo=","wOohf5VuUWnHD0AL607K2O3ILRBh5m/kD5kLFAzDm1Q=","KmLMn4kOwv1w11Q004DPZcVj5bj2QmaI203nOmKK0gA=","tL9PyGW5UYag4Iwvthlzj63Wr9O5AEkbTI0f1zTI6QE=","Ot/cKVE5XSGAH5BPoPMKF511DHnBDZ9Iul8d0SGGOv8=","Hb5sNYJkBH/R2aWigoFw1wjFFIggV1Vpt42XQXJn674=","kGOK4m4oZ1Qri5EdJXGw4kTJADJcxAomnCYI8xoAk/U=","NKhEI/1YvbUq5lURHb6Da4whTe20JY+IFCdZP30KMU8=","T1HhRIL/f5byBBhj3KwNY7YPBUYnPgDKcc2W/646Gag=","i4GN7CSiNFMvQGv4dVmYPusOLxMmzkMJF5iht8Af7Kc=","KEJ8rGRwIkrrVx9lPsXvJbMtG4YVYRM+HvD3r5OgkpQ=","ExealYVQUB+Lsoi9OjciiKyWL+iL/pjAOj3kQOJcVZI=","osl3ASvgTcW2K/FPNpHMq3nxikL6L2kzSuOZwcs0pIk=","k8/hmXLq8f+5S0SpdiMvBTkIrtO4wrhnS8REfLhOhvg=","jx122I54hfUkrLutIF/J5zoFzRIirCJhNec4Q/eDE/g=","8irq3Ah6zlNlh2ROBAplltYvLHv+hv41qcpZiMwoxx4=","Nft3bLwUg8FoDmYLGFEZn7D9+IfR9gWW/PCtZUi4e8w=","+aTLE8oUA5YR5OHvFUQpArNr7U0WiVooecOZ1dbiXxM=","UK5Ig93TlSQ3abDEccnYLXIUGgbfk5CFs9mL5qjbIJk=","2WYj15134eBdKMxj4uxPFf0vOqjhaZo5PZhYTk/55kI=","ZwcB+KeJDpnkE1OuLXebZ3w50e7QDJRf3K4QGehfqr4=","JtySJ7xUkfFmq0yzYkVcUNXxcH/fJP5CF8m6ruHMSH0="],"block_size":4096,"path":"src/ui/pages/help_zh_CN.html"},{"block_hashes":["p09CFY4g4TkPZ1JCMM+ntjWSvqXneUBj1Mdm9Zp/Azk="],"block_size":4096,"path":"src/ui/pages/offscreen-document.html"},{"block_hashes":["uRjnD0u44RBP/tPtKCPKxGnakqRlMRWHrhP2f6jQwk4="],"block_size":4096,"path":"src/ui/pages/options-editor.html"},{"block_hashes":["w9Xpa/ftBd/OG6pCnA/RKotMBAj3AnDHqXY9fO+BBr0=","hXVyyZ3Jc06ULCPhmWVJMt9ALk8uziRGDBWBMNmeVvU=","BUrostEYQtZ2++J2o+1dcwe9REmupxy3wIv9GNn78mw="],"block_size":4096,"path":"src/ui/pages/options.css"},{"block_hashes":["yelX2Ng87yr6R09vHf2ofT1201Uft96mtqvf8iIczS8=","QQlqHdFWrMKmyx5r0sBjCo8w12ZKVg8FspxQDdCRd0o=","F6qMSR2bt6RIwdAbwvyKIPhMNKSTtuxUilk1KbVF5vg=","enBlVDla/alpzarZWNBzGY36Pr0XLyTGtbx5jxKCHeQ=","R9Srtd08QOLnhwYMdp7U4PzUwtsAWJZmeWG7vVgUBz4=","76jmjkQfs0occJe7upvu8903hF4kBsQl0Hk2JdsPazc=","SFRQ04QP0JCrFMPh8ti9Q0RWiccg7CIA/JEpuEg1Pz4=","vo44Jw3lOR38Q0p9cdFIwDSyozT9KRh9OLLm7BGETyE="],"block_size":4096,"path":"src/ui/pages/options.html"},{"block_hashes":["l42cHsPs7kuWhwKJvzNqx5VG/ltjIe1QObfvNS7JwE8="],"block_size":4096,"path":"src/ui/pages/panel.css"},{"block_hashes":["SEZT6J1zoOhRW7U6iplgHJoiev3q0dnKf2h+Nyj2fBc="],"block_size":4096,"path":"src/ui/pages/panel.html"},{"block_hashes":["l44Ue4Ms920v+05+clNQvnqhgMgWc80nCBA4IRk9+us=","ETRh+krXs3ZIaL8kca1ep/MDBOyatZWnkiLNcAdp9ow="],"block_size":4096,"path":"src/ui/pages/pendings.css"},{"block_hashes":["kAuYSgDeJ2ZKHqe+Ek6gl+KDe9QeV+0/ojDM7VxRCG8="],"block_size":4096,"path":"src/ui/pages/pendings.html"},{"block_hashes":["WJgh9t5mG+rhaKyGHYtujMV2rY+f0Yk+Htcsdvj/yv4="],"block_size":4096,"path":"src/ui/pages/viewer.html"},{"block_hashes":["uwDbRPLNWzH7LCMqu1heakB8pjhDHEC22tRsZMu/P/M=","lsrPXeyaryZuk4d0LJwj4RkvlV5VPMKhkxnRqlDsw1o="],"block_size":4096,"path":"src/ui/resources/button_cancel.png"},{"block_hashes":["xWaTjuG9DMXkyxWmZKAdT+fca4M9gocjUqmoscDiQfs="],"block_size":4096,"path":"src/ui/resources/button_cut_inner.png"},{"block_hashes":["bNU7JVhZe8R+dj4BNmzSoIlDbkEdlPIe9FeIDRif2Iw="],"block_size":4096,"path":"src/ui/resources/button_cut_outer.png"},{"block_hashes":["SAxt5QbYhCteRz8q4ebiL+/1Frok2SxjmYFPR1iMjt0="],"block_size":4096,"path":"src/ui/resources/button_delete.png"},{"block_hashes":["81m0/nWiT8RsjayNLDTfEzG9iZrlYHJKnMMQsRuFhXs="],"block_size":4096,"path":"src/ui/resources/button_delete_all.png"},{"block_hashes":["vpedUYBjN8mXQlYMTqz70DyLLeTd7z150S0dGqh57YE="],"block_size":4096,"path":"src/ui/resources/button_download.png"},{"block_hashes":["C/uuVRdhnpHXPM3nSqjBcdLC5cWDScmgHtRvjrY+GjI="],"block_size":4096,"path":"src/ui/resources/button_edit.png"},{"block_hashes":["GG/LZbH2k005yiA/50w/X9XCcSFC9T+vlpjPAh36igw="],"block_size":4096,"path":"src/ui/resources/button_highlighter_blue.png"},{"block_hashes":["wGplwUibuy+nOcdYajFQ1NLPiAeqoPsAmQ2CBs2gtcM="],"block_size":4096,"path":"src/ui/resources/button_highlighter_delete.png"},{"block_hashes":["182D4L+geJClWKLwCtjpW9U0rmxpW5dKefJ+05YrkXY="],"block_size":4096,"path":"src/ui/resources/button_highlighter_green.png"},{"block_hashes":["1UuLfM3xA1fdgpohG38wmxBi7LH7Pp53InG7/+BCAJQ="],"block_size":4096,"path":"src/ui/resources/button_highlighter_hidden.png"},{"block_hashes":["hJg/L5hRg1n+6hyUN88oGyP2wBIn+quYn5IvUhKBRG0="],"block_size":4096,"path":"src/ui/resources/button_highlighter_pink.png"},{"block_hashes":["dPqx4BwHplSk/pthz05fTQTytFsBBq05O5b7sZUmP4Q="],"block_size":4096,"path":"src/ui/resources/button_highlighter_visible.png"},{"block_hashes":["3lyEw/+6dXPT9F+1NB/4r0VjlvxFXe54BzYyo/wexBM="],"block_size":4096,"path":"src/ui/resources/button_highlighter_yellow.png"},{"block_hashes":["nKCiVP/NttzJQxjtezDUEU1oQgmWKVxBMAl+e9korrs="],"block_size":4096,"path":"src/ui/resources/button_new.png"},{"block_hashes":["LDie4gamMr2b5XSmPNaubhZ0XL87wcfnJXeG9lCnJQ8="],"block_size":4096,"path":"src/ui/resources/button_note_blue.png"},{"block_hashes":["jtKZy56XREd41+9gvQgj59GYOZ84G8S/O/4tezB0TsI="],"block_size":4096,"path":"src/ui/resources/button_note_edit.png"},{"block_hashes":["aNNUIxgK8Bimpsgj+OhtglxSya70w16FXTdt3LYoBEc="],"block_size":4096,"path":"src/ui/resources/button_note_format.png"},{"block_hashes":["s45udSJ4zW2j9zo5TMIewwcEPilUQTRiV5zmnsw7UpQ="],"block_size":4096,"path":"src/ui/resources/button_note_green.png"},{"block_hashes":["w9pnvwW5g1h9DS5LbIhoPcR99kriUwmP1NEDZ2uRZms="],"block_size":4096,"path":"src/ui/resources/button_note_hidden.png"},{"block_hashes":["Jr/x+9RIrN9ZRHmo19fuZhr3ta6UwS/k6mvn0xDYFtU="],"block_size":4096,"path":"src/ui/resources/button_note_pink.png"},{"block_hashes":["ZlHlxg1Zc1nJzAi8y4/56rmVKBnoP2THgKlHPaiigkc="],"block_size":4096,"path":"src/ui/resources/button_note_visible.png"},{"block_hashes":["VHZvNcRcFiz/Dns4JW4MBtUMqowhyKWW+DZblBnlODE="],"block_size":4096,"path":"src/ui/resources/button_note_yellow.png"},{"block_hashes":["P97jfh8MbWZITHwqDW/QwICpOVE81n1Q8w/YZzbpHXU="],"block_size":4096,"path":"src/ui/resources/button_ok.png"},{"block_hashes":["Nywrrr4Cv6dLC1DUD7nUuTB+zE6ddA9kNINapSsut78=","wwbZcIetJGZpHBAl0sds36o/8S+wvvfHe7onLta9dWk=","lNQMaKwHjzIHyAuPYTudrUWi2Pi/WPj241M6g3qn6Cs="],"block_size":4096,"path":"src/ui/resources/button_print.png"},{"block_hashes":["uHN7oTNq6c2awq90JHIK9el+1FdtDRcynGwXgerb7Vo="],"block_size":4096,"path":"src/ui/resources/button_redo_cut.png"},{"block_hashes":["4SY+4fw5G7Qk5/udteNHD3YqKXztaWSmhFG435EhKwQ="],"block_size":4096,"path":"src/ui/resources/button_undo_all_cut.png"},{"block_hashes":["gsjMRSPbejMuhf2PcMGUgKBNS7bjCWYN3Dnbqn1crNk="],"block_size":4096,"path":"src/ui/resources/button_undo_cut.png"},{"block_hashes":["5njHedhMUMXeDoULmHDTiSubfTxMlNdjtjc4JPPYhAk="],"block_size":4096,"path":"src/ui/resources/icon_128_wait0.png"},{"block_hashes":["JRDy/f238rwLT3qI7nNmdB3E2oQoU396/+9r584lQ7g="],"block_size":4096,"path":"src/ui/resources/icon_128_wait1.png"},{"block_hashes":["Gvc7lCOfkN3kO1+re6SOyPLQyBNDxq69TKLjFVg77vw="],"block_size":4096,"path":"src/ui/resources/icon_128_wait2.png"},{"block_hashes":["75rp0J7EJMyHOA5fKYmLqh5RebnrUkdbwC9fpf/D+Xc="],"block_size":4096,"path":"src/ui/resources/icon_128_wait3.png"},{"block_hashes":["8wzbSpou1mkqhCb4CBttHSOv2u2CF+8WBTZcp8CpumM="],"block_size":4096,"path":"src/ui/resources/icon_128_wait4.png"},{"block_hashes":["xTP7k7voaD702hAl/sL1C6LT0rj22TR4Tr5IfzfXXi0="],"block_size":4096,"path":"src/ui/resources/icon_128_wait5.png"},{"block_hashes":["I04SGSiCbOfgJ/OreLkXmS41ftkmH1zsWQbfzcInYxM="],"block_size":4096,"path":"src/ui/resources/icon_128_wait6.png"},{"block_hashes":["XbzFc3In6IupbgpO16REIdRGVXbGGIYv4VjNEAJHw7g="],"block_size":4096,"path":"src/ui/resources/icon_128_wait7.png"},{"block_hashes":["cFYAA3q+qgxQpPRdFpcXAq8O4S7SdNCRdOi0du18uvA="],"block_size":4096,"path":"src/ui/resources/icon_128_wait8.png"}],"version":2}