{"file_hashes":[{"block_hashes":["PdWzImQE3x5Eq1oMWmRDKHQAnfmfTobF79zeVWtdvk8="],"block_size":4096,"path":"declarative_net_request_rules.json"},{"block_hashes":["pfDbUtev55A4OpWMocmdVvrB4lCkTN4jYq79cJmQEsY=","d76nP+LZEvsg0i+AIQnGBpp2qpWzUPWYxUfTFSnmW/U=","nnoN273RzrcNj3M8pkhvAdojx59zqlI5QL6t2DYiqDQ=","jukBluSw3jawiOAEtt5aHB38rjBeWc1qoKJxCXJI2iI=","xWmAH1Wk+RwzDpouj3Ba3xk3FynvYfFFAvr0kVEcFIQ=","MLrdr9SqG/xloni8WzjAWTdhI8d5A3CEkokW0Kb7SCc=","m+Jrxt/FKAE0kCkk3fDfZ9EDsnlnv/SgCHiTeuwMHPw=","sILS0GwlfdwD5uUW+3xoj58yfYKyCww02v3v+ct/z0o=","79TnRqPYv0hfsC6SfJAhLZpPqVMfcsbrjUIPVy3/ajM=","FC/MDoUG7bLillOH/ykgefDnOyT5OxDgUIy8fMZwRQw=","a9iO88QeT0lO20FnnKur5+bjPnQ87ZGai2nEyVJ8o7U=","+ntIoCmC12i1dXeIfxSd6SwNZCrKYpXIMWZb4qO3iSE=","n/sZmcQ4bc3eNbrQF29V/cdU9FWykHIk3EDxQOqGZ0c=","fGd0rZN6T+RKobvSHK+Ny9LL3To0WnxpZz51ziMWrAE=","Au5IHcJuuvoEkZgGex+tk/c/vXGEiRM9f31YsTQraE4=","KGKcXu/EZbNLvLg7oc6dnUkvsLl/KgoyIYZHuvd7yH0="],"block_size":4096,"path":"js/background.js"},{"block_hashes":["WHvYiLg+IIm9RTj6TAT7w5kIGIrUe5+BpHz1cSuCnlw=","KuZGO4cWP85et9O29YjUBR3qC/KRTmAn03khxxsiSTo=","0sRpplb6juM6ZKVi0KZFmWlFNv84LJGyBp+eDxMgFbw=","bBhCBrpbSqBMEtvQi+RuU+dtRqcF2+HYPiTL87oOJvY=","Ao0gKHwMqqQgmLqwlQCrpP/c1y/aFQvSKkOEJnirlWQ=","9xoScXIV1UErN+Cqi0YCmL1s9jE5veDMB2U09JWsD7w=","Ywfo/sIMb3zg9w7MPjb0btpGQA0NIFKOu0etqjjQArU=","ivokvXPTL6iWV/E6oIYBbTRPQLdEsNBRWX8jjFj3tP4=","P8zeCaz2ctXd3yVCGv+6KJqeSJ/6PMZsqfPzZheVM2s=","bpBSrY4ey72WaqX0AoMB2aETM2Yh2iHXgkEF5DYOPaw=","D263gVbcH9m89sQ6XSNafmYp+tAAPiq1WigDATX3aQs=","Ibw4+SHteTRBvB1q0c2jbZSDzV1zX5NWczVjUAIMgMo=","JfErPGxdWA5HyA24bylCXslz2lmT7x2fSXwSJKhq0Co=","3ndLpG1qkFUajgbUjEuxL9QOVFlHr7elzE1qQ5RyqEE=","rkedryxsMWTH0hdqAqtKwfuMdpF3hxR3lRjQE5fgnHI=","rh7odkl9NBqO8u45jKuD27J2ebWv/EIBb+fKW7COvGs=","4j2smp8lrS9PHIgyb/zmrdPMMFxUljMN45FnRdBjkQ4=","T3kH0m9KEfI0Jn82TJxxs5lP1khZDTLBm0E5YQAHk5o=","UrJgS+M4NMRLC3c4JGOWM7O+3SndxUxYIJN0MGy9TyU=","zPoOgQktCGqwcX5KRDt9+1OywF0NxcrlXBzFhHjV5co=","vR1Cvd5eMXp4u9ySafpAvhD3j0e6hgYYY5a4C+rYf8w="],"block_size":4096,"path":"js/background.js.map"},{"block_hashes":["pfDbUtev55A4OpWMocmdVvrB4lCkTN4jYq79cJmQEsY=","d76nP+LZEvsg0i+AIQnGBpp2qpWzUPWYxUfTFSnmW/U=","nnoN273RzrcNj3M8pkhvAdojx59zqlI5QL6t2DYiqDQ=","jukBluSw3jawiOAEtt5aHB38rjBeWc1qoKJxCXJI2iI=","xWmAH1Wk+RwzDpouj3Ba3xk3FynvYfFFAvr0kVEcFIQ=","MLrdr9SqG/xloni8WzjAWTdhI8d5A3CEkokW0Kb7SCc=","m+Jrxt/FKAE0kCkk3fDfZ9EDsnlnv/SgCHiTeuwMHPw=","sILS0GwlfdwD5uUW+3xoj58yfYKyCww02v3v+ct/z0o=","79TnRqPYv0hfsC6SfJAhLZpPqVMfcsbrjUIPVy3/ajM=","pnhO3Q7pms51mRAbsjpDMCvTRnweIJ/UHj5ma1pibZo=","osaVMo8kGukp/3SpiCUrDkwS5Eli6OI90EVP8cYOnGQ=","7TjGXSrSIiSljRCmkiLIm8fvhpZlkDQh7/+Ue926KZM=","nUF7RCqsf9HT1LzCCVCVFJmBvqkzbRb3mImt9di/JVE=","awiMc9hO9h4wqkX9UVbBHfsrASkG5z3QhZys7+QN940=","UHqEnBJlyk5edXF2yjFmyggdQtQgVA78DFjr5jPP89Y=","26e6tEsMGWMS8LtDdlKPxx1RBqlBQPS98NFIW1zphjg=","fj+FUdfB9gn2EgjjCRVgPYRcOGxZIi4rxcDJ7p9X8ZE=","f8WQebK6SDmSc6bCulB0VEJ6RGiIfF0EHFtEqXcv0+E=","CbC1ewnB0aB/jeEOjFBh9OPnAvZeWLQY7Jtm1blYppk=","8u1DpmLIYpV70UgzJISHS9evl3jV8DD8iCUpsoVehJQ=","5KiKAysNRfR3gCtYk7RCKbz3cKwf8oeUqQ3OkfMREUw=","Nlu5ZSKOUWll/wA+tgiSr8pw2dJp4rakhZ97mKVFxKI=","Dp0GRGdP/PAmDmiLIHkOAfxfZz9mO2pvVx01nLlqp0c=","1zZUU1kcQGi2doXzIjTgZ4fEaocOeyj0adpsexg8vxY=","YFi1xL6LM1ufOz2KiDZYtlUmoRsSGdBEoIWZCUnTSMM=","9SGG+jraVdTGon1U9Ap4U2NDXRCTsP+6s9W2gQ73nrk=","3VVNzlf1wxlmzCo4sKKRlc3/lVPchZlOWuTOIwiQoqs=","jIKks/RuQwEKKS0GaWJ8Kltigo2aVB5f3oeenZE9E0c=","LTvw9FudhPx6aq3UPZRkw7fgGsFEZ31sz4dPDeClgmU=","U+385vUI9igIV8QwjBVT6EdnGDJ2C1n5+fZGfh2klfY=","p4BufGp6/1Vu8y+3HQUml2OLLFDRVXaWKFAkv0o6Z1U=","SgKJfBLp1u8XybHjKiDpjg68Jp3eXCrh3gwEl4s7q9c=","HMUsKkdJvJq+MzDVgMzAX6UwkOJ95mXFVcJQKP9JO3U=","zG0ILPXKNWth9J5HDjts5YliFf+77i8oGJwPAKcEQpw=","wN5v5l7BAb4FyVau3KFBulpPoI9YmLRDLwrRqtolgE0=","cfJArErS/2WuTiwckjzteSlQSpPtkG1/Alo5Gzv3vz8=","vqay8/7vnLGjrYvCmlIAWrojlnMOUXRzbgzPMKP9dvQ=","XyJg8Dq1MXUqc2COMPclPg3Xbg9xHd91srnHoPJcqsc=","Q2586mWV/Qb5+HRXhw16jI1dE/KmAAMEmhnRuKBdYX0=","kMqkgRt0dDdwJg+56cGsb9Yx+GavbogYgiONOS0Nm9M=","1BYv7o9wszbVqQLkNL3MZ6DnvvFEeyUIs4xqVYWS/Uk=","hl9UtbpCLdRf9ZtZVBzPSSUWxDYbXQhL2nVkVY/MTcQ=","LIw3D82kW7z+IGbkvjgPU+ryoeSaAXkXAg68TJSB6+c=","akCYVKZqV+OFnxiMEO5xGRFnuGj9FPKe9uGboNIZgCw=","/eqhmqqUXNdvxUsqZv1YCLDK15h9hcQAMIRMK2+o91A=","5ZKoQy4/UGWW7vhcbpmhGdl6pkd96LhuwHCh7i/8YZI=","wQErO+cx0+MVvfoYXMg5UlI/wVApi31fWdn8yExlD2Y=","vrom5rV+9aooaEAQiEVfzMuLzHjtmSyIBE6tU0tSmxo=","/nXkc+Nc+OkNoN3QyvzHhYn8pStl9WvdNa3DQ+g0HAQ=","vBoIuOLL+1+7szJjAW5kr8sEApikM1V2D9mHitlvgLs=","BNl6bIZR+0zZbOZCNc/40/7smAt3He9JRe1UGfFLPuQ=","BXHM0Ez/XgsvIEa1crkzAJOTHZTgF914AFX68L5E95s=","7egOjoGJA2tj3JKslF6nYVom/kAgzjyAZysmZol8qjg=","faS5etfLi6jtrqWMWV23WWRqcYzKMgIpJvsAOevH9RM=","nJCu4+IonH4IX1XkxXmyMbS0FlpjzvGmAE8Gaok3ew4=","eLNtmPcVM1qskO8Q+a09ZfbjVcYYjMG7WbC57ampc08=","98gq3LlVlMfnFF973du6ePS7UIBRZVsQD0rOJI3VZbo=","zlav3DSKxSKEs08ybh9r3IP0Taj3xqLyx6VsesWoINk=","D4QZJ32jiJniGJgPd0jtIwE/0UWzdqYDGAF89i3QCEA=","CZ9nmoX58yf1xt0islWkXBem+ykVsAoJMXk+glnkUcI=","SbxtSTCFWxNG6jPX6u6hmh6coEQpmL1UdDfUS+ENPWw=","WZSonnCrG2tMjdpeG/1JskRFW7+TxDDBMmyDljvk+kk=","gQWKqeXEs/6dikVxVnjQSHkcqPT+KPdrpnXvULdDzGM=","55mHGLJCuYdCRMADNM7AhjKbmwASlFDKHMoPffE6BKU=","qTlYJAtaUQmeH7Kh0aNV/fY/7OzBfV3fehFfnLXNIho=","msJM0kRBvMyoE9JkZjBScE3ICrsur9WSv9pkV93EBhU=","qO/aCB8oe9gSnZf/IDfH+drGpDam6yUzWTFkgr8Ngj8=","9Z0h8wueTdEleXILcR3cMkXpmAYzhu5sEiglovcAT9g=","OfBNKBUjx6ZwSjjWALVPtQymr08yqDUPiJ55qvi9pzM=","LzL+2abjvzevXo70uOmC3Yb718HJpmBWh6gBd/MjmIE=","e3d2iuBjcNv1pwXsFTe89AsyEqXYEGvHIg7w23CEuF4=","aFot9xM977Isyz62rl5p9E19S1ck7YQHCm2Za+aKGug=","aCbOtqNeCgxbqdYvcg16NipGlxdR1AoOlOoenN1k5aI=","WeXTar11ong0PH6TIlA7mkEEjxQ6iEVLnd7CECvcRlk=","BcQFr3ndpjhG41F1i9WFSor6hdSDfIr46jx9QZgJjyc=","8gXMc99IxDOCv/FwtJpTKptspUE495rnE65pXEBFlqY=","2ymDX1nDVTnHNAnBVdF22x9HIzzkgi/s/KmujJJnam4=","5mLrs9DNNYzHRez2zRqNJ33W09PI6tfVXDC7wai6V+w=","qR8l0Ncd3F5DiK14zkuxoV8LzCGRiM3eEWAudCQpin8=","ZX14ZLhjIGRrsIUf+mf+OcJTS0zQM0G1bYUquobcac0=","M9RtB5hJbxdDW8cL62VrHSr/QT0y55albozOWJGoj0A=","TONCjyQjMyydQM8TPNXhMdWoUy4TTgIwK2CnWfFrT8c=","qFy/0r4uS7ctv6He5vKRtGO0pg0hCw2FpTfHbaLa/1A=","C2UgOy1oIEsIl8/nPv10bbij7okv5DOfoSS5slhHAW8=","Med52TCI1zLzqhn14IeoSzyR/WG1NKE+euE/PhITwiI=","A11LI5p6SxBkBPUakTMBEEsEBBu77805f0u+EDh4VOs=","Oh9/qC0kgKGofniKm8849EZpkFPni9Uew5FM/wWENfU=","yr83mxG+lINJG5us0GJyZb9XfVB+Z3qxZ6ZdyrCXid8=","cdR+drAC2R4tUxTfP8tF12b7xQvYcBWOtosb68RzaIU=","2k58yBjSIM0HS3YlneUTkrj76jGzNCKLaNdqFDuMuNg=","9GNBl8zEWTNKkpjJ6gzLjDC5LsvjAqvAw+uD3BdPyzY=","glUBtI6InhBOikwt4tOdnQke90qLX+WOjXJEu7ghmbU=","/oh7OZj2mgnAGeE+42EVrDiKlbWHTyUOuKl0gQyi6Yk=","xhFq8dYTAX5WvzbfJ+JhVrHlVHAugw69euFJTuriPeI=","NvxsLT87/xiMmt7WYqS7xiAqCI6CHdCkxSwr292410g=","vcHTTGl/M186snYVKEfZEYcvE1et6nFg33MsVINytr0=","hBE51OzGlKKl0iLAdwkar/asGeUAQw9GxLKVd0+h5As=","TaCvZURGAsUUIG/ilU6hVHyseRVHJXlNjUily/9Mmc4=","JnAi/frm+k+iJJZT4W5ua4IZJXuJJNcih5CE2lBVXGs=","FqlOmPm68kIqh4oHTKMddyR5ZwgewWIAbVo1usufWPA=","BgGjJDBVjTHtxL07U6ISvWIzPM38l1zqBMa2Y4ISjn0=","mboQgvVsiee60Wj/O4VhddqHasG06H0iq4vnFUa3gWM=","dCMRD+XTQo5uHUR04fSdjtnr2f6J3QICz9o9TGUhGBs=","eMJwiZH93FZUYH1HH7UbmVQJgqVLj2pFajhDNguXEfw=","3ulMEjjGerwkNjtwx5w3XZ0kSSU6oWdD7OiYSIIkNE8=","xLw4t/bqK13uVPbJVf3hEaB2c+EabaMm00XDC9SBCx8=","AQefRrRSOq0eNCsnFL+1Iyh3Gsa6KAihahwrnQWn5Tc=","sdU74KnGp9557ulRfSl8YLVQfQrd4r3p022E4M4LK0M=","VilcKSnhxdHu0TVgUhNAfVUtB47DSmQg0eSHt/nD880=","L/UxzlQ4R+8+Jpr/7inC6mr1XCCLElIy2kUoXVsrNB0=","PnqUycIZIIdw+HLAgLAzi8+F+IHTS450SR3TDPUX8RY=","nbcSVsYy9W3H5BD+7WZ2WWkk6vydrlYKMIxUin7rRgE=","n/ifMsE0xttKqJuGdJhiDRX1hezpNawk/WlENr7Eyos=","oiff3d90pjQhD/PEs8kkpzYa7y3Pn45FTqSJZp/+oaE=","CQ2hmgXx777zJcVZH3PvXfi+cLZBzSKePqnZ2AnYE6Y=","NVQhDhX85pxgYC3vn71cgZ4lTPxUSDJQRgIp3BJNuwo=","PEpj0d94bBchPAwVmtSI4aaPAigIun4ziiaR703RJQs=","kU8Q3UnEXsB4GeOmDkopADCltKmjTOacj1uKvL77gXw=","TWHrXn00kY52/si6scMCQYwffNqHZctXdOaH0iMihSw=","FqHLTeUDo9tA7kF417T5BknM6cyHeHJQLlvAF9swqvU=","g2XMXEhm3KEaRNcErYaQnMilKGCbghlAsZYhT1++qps=","ySUsk/4q7K/YWbXUgiiclS2xWiUNQBzLCB25C0sflL4=","cgwPMMbO7yc35Gf1RjZlRZHiWzgtjAZAhLjydE+Z+aM=","9/e4RwCzGULTDLu27zbUDAYTatRZ0ucOYkDaKOT5Uls=","o1GAbBumORtzt8kfuI98v8smwknTkxFw+MTPb5EUQ4I=","6y7VCZOdjbuqQNDzAFMG8S10wSNeERY4DZchj3juMBI=","FmF1mHx+MtPJ1tt5V1/CJUQB329E9pyoc5SoDIBABho=","Bq5KeX1wCeXEN2eDgD4UHMG4y8ZHMifzV7TcKKUQk8w=","GbnVEaY3ANZMpZA4XAoYhyi0Uc5xxfAkFPc+VP6iHD8=","+Fz+rGWtFU5HpJ2w6ezkjNw4OOCQs1cFzZ66qkQx+f0=","mYxiQIk9//Lh1Q3Ln4kr3EK/CfsTR+m4c4Z7HFh8bvQ=","xGhGzSTOOkmxH33B0WjGTonMc3y2VI5mzLnqWc/Sb/8=","woZCyh8iZHN1Ll4haaMgGlyDR3TeH6HHmTaSbJYyVCY=","A9/+5549YbyNkZOAR1bodhfEvLWZratk674URm896Fs=","UltEtxoPddZwRSsTYh5IVs44tkbU/o7is2hy6KSQRtw=","IdnWccBLeVbaxipvKeXlcidzxiwyJSwchNFToeA4g1I=","Y/Vkzqnyzdnwr8Ut8c/Cj4YR0SXrcI9Z3PYIUqh7sYY=","EyzaZ+4k2NmdaIGdD8xI0EdWMSQ6j1AqRPlCOfKR3zY=","zzKBtnV5nQH8QBeaCxF5NMsAjzE4MTcQwS+qXC0z9Zw=","Mse+2xxvi2hpIC1/vdkYzdQKQfrrtJFwY2e5sLR3FiU=","3qGS/9YlnfhevoQF7o6FEykIKEcyvHOcTygW75/x9Cw=","XYg94peQcxd1v6L6cgxBY+XIwJF6k0Q/DG12N0RHc6Y=","ZsaEC0hnu0q3oo3mu5gjVxnmsf40LhPLyF1k9WmI2Dk=","dk+BgHyRNCVCBTH0q/Mm8YAQLx4kyqM0N3CheuIQUOI=","hv/1a7VwTNEniwts9Ai1huf6dn5UuInEPRaEZwhz8OA=","m4+tWytNdSiUNEYMxCBr9y4bDV91m8Fqdt8G9uPAfFI=","LxUpEkFLY1DZEo84j3xyLLMOIpCvyUExpIWCvzq3oG0=","YK0PgefRO33iyyOB19/IArR07/UIhrw+3zfN/17YTs4=","0xjlX2J+utjsGCnu7HdB4ku4CSXv93ga7GMzgVE8mfc=","nBoIEHaAZr/Ft8NilsHRxddv5l/ipcuqRogG3U+T50E=","w6PKy1k+MFWDtv+z22KE+mzO1v1+eWjU1pCoXa8qhtk=","0rPYwojlLCkzMLpmNH0KiE0htXbwXRdd7CZVNAeaK+k=","kwrWG8CQ/ad/XnJs4EAQp/+fRyBK0uILCuUuE0Q9dPE=","CM6/i4hh3mZm3W8fagP+I3AtO4J39jgYRo735upqa+A=","vatzycvjdGnUw60WN3E/iqM3RXf4d355GOtD35qdf+c=","lTYqFWsase4Y2+mZkqFyEmukZIT3r4PZJiJgJMIxFF8=","6ihp9YZDKiLB9fgo9Peufl2pV5JqqoBvpRFgUdXcoFM=","s5cBRhdm6/SJIULU7Pt4t4RPngQZP45VcVwIac5vZ7o=","FmDpEVZRjd03vjhWISrSefgodxQvNu8Vsc9k3ycLnOU=","7W2uhwTywmhPlwevEsRRtLq5W9Z1YSr5Ut3FDSxnSO8=","t+OumcK1bRJtXoulck5ZJGfto8YEUBFJO6Vk0BlKb18=","5RvJXAd3EZ19fsnkwUVdpesG0p6uw9gg04BnEyE0R1Y=","hLVBNKbSVec68UMzMyxw2h/hiSTIwjeOzYdipsCzFRM=","AKvi/LlG993dPZiZec/5qiMiiTrHLsWdDkCjYaxBAPo=","YWCh6UIMqnw0XKyTc41jHGR/6xSTAEqsfxcFPjdSEmw=","W/V78tapZhbtffOWr2YRFd5u1UvRZLgeqovUDVdbmZk=","1DwhLwQwIXhWMFO/disdM6PnkHrWF/YZs6BWpdc4F38=","4NzqjSPosSF9FQuAj52DIVUk4kQll7/67g9N+pF/q44=","mPWKJQ4HsO2FqjVy4GHN6GM0HBqGjG6GImYiepWzlls=","IiEmCAYqHlgzCR2wqnU2l/5sY5HRD9kdQ1xgJEZZTWQ=","E6fUg23ZA0XTzIPITEPhEVqcfrdhImLmkfgdkXXxciA=","xJ+3wbMYfjvMzKQngYQNTqJ+wKlu+YCNSfOj9jyy9bE=","RC0eFk76FflDWqrQVaOfXv+slKk5mga+qvre/8OSREA=","7G1yiCdNtXb7e/A8P8rO+92a/ODFX/ju31wr258eV1s=","yBKhIMvt4Odwf8sJHQpcA4iowKaMNYrj2+fgYSv54+I=","6OAV+xB880A6QWthw3ykA18Si79oRSRhdgMIawUDa3M=","CS8TjoK/I0jWy6nHDaHgwSETDrvWvhcq9aHfHG4vvxs=","YtTv9o5PIFL7I/mkdnfs8vLaMPJS4r8nrQUbyA+tLVk=","tYKrtznNyeAcKgJkkKMNMxBf4c3wQ5UIQVxUKO4sPj4=","nC5K3/JXTDuBuMREelu5CsmshkkshH3KPY8BRfEmCts=","kbk1cJCXBn9NdEKd+zyuQ9MyXyppQi37qWNzTOTfh/Q=","m9Rm/cb19Fc40mLcBX8k6+Opa4+wcPlt8OzFPEGs5mE=","mudNt3WOC5KSqtes2AVgs9qmWWFrSUIqYC1FALXaa8o=","GDIfsuiZMxm1vurDr6AOlXDSMhj8VY3T7RoU3aDWI2M=","cnSD0wkrjefsgck6d0WGxXOkw2aFZ0ifDNvHIktL73w=","g2VBkSobr6EMi3nCKJ/BNmojbCyIznGsd1AMHEX6JJE=","n1yquwrXnRwgwX95lvDpJb/NEiYn91Cn+aOxfB7hDqM=","QymWDxJGA+bFu8V59rNcda1eXRCUMVBrKeoK0wLb+3w=","Bc99wnjOoMbz2qF0cQrUIecmzSegZxJ3ZiqeWXcZuOE=","/pHLJSgzQmfpZQhFPlCe9HwwP+O7G/0fIcNQ349c0sM=","q7CBMPq7OAvYbmbr68pCW5qE1Hcz/UegYRnmm0uJDVY=","4YxaQftwv3ZthVJqugXM9ucZi7kbeTRu9j8T7hb55EI=","0zgOc/Qsg7PB3TTUZFadv+XWphPeILcS/Tuh/Ng+SDI=","RKUdyg53BwaWQEGzQBZL32wkLA7QTORNmuGYWzCeslU=","2SHY7TgMX0ZCOn1zT5p3RaCFZIzWs7kTSHvBrJxeP9c=","3WCeDaqEgdGBoNYSQT/3l4fFMYETMzK2HUxyyCufckM=","L3CTV1RLNYibfbK8IA/W7PhcWXdRBIyrqbbyKr0VEdM=","hJxbVKRW/IrrjA35zkr26A23U2odyzGJI1TSYnqravU=","yPDgYfQXB0kKYGR+lMgTEXqFDFrUzDeyzfa6iga3fg8=","1cnr6ysU83VkRQqVaTtHLvTInyHyeERno86XUdTWvx8=","mLzBal/wICnOXlUBvhay7pQINvlGk3KkUrvz68+F+sc=","NElifUlgyeP/bWPJMPpdeiW+T7CG/aATB2/9cPCD4/I=","/4s1eoLjfqzl3hBkQ4IBRvO3MzN5abT2/c0vOl3beAY=","ebsESzhn7Wye+hHiRlqrr5yhc9L9fwfltJsD3OWX8PE=","Ze3H/sAVnCpRl4F7DetlurF8rpDkEhlCMHkwrSUH6VU=","a93R67GGqcw4QOZQVhlcCcVDr3II560pfDEOTwD63BU=","kVy79sXilwBIGnaFQh8ek7+tzPE2rtKia4B38pst8+Y=","GzlB42rdRQGxvRBpnxFkcG4UsD2V8riinn7jY97D3sI=","xlDB1Pc2QQkOY504I3eakHHhtfEUFue6sV44zEpBkQc=","X6xsdteIqkCgkAiDnhklutKO8K/Jdo56Xiau4g2cm1A=","XVZxXrDHuIwkr1bQMANgk0EIQ4ANyIdX4AuLfX5Lt50=","WD0wlxU9TbecF7OSxxOXkEIst8SKULuRfcW1aBvOXnI=","ljru0bHjD4KvEdDGlzHWKo/rKC8cv6YOeDGZgho5g8A=","AJzAkaQriKDAwvjFpd99QO+QSyRREjXbN1DKne7oeWo=","01AgLqSzrIOog6Lvjcria+H61urYS5OETPqPjJK/z74=","VPPQ0aONVGSniPq5EQCwt9+8V3oftFTSzEfAFiZRAII=","2il8nJUR9wh7TTb3gZOWpU4TYICOdodnb5H7AJGzEd4=","PmQC5LVGQTTh5nSr0eF1GCe3kEmtddlD/RpsuQTH6JQ=","h+vfFW1TuwLhFqEZPS/IlyR6YCfe3R0FOE+OqYTcXg8=","bzZiStFsjjiFXgROikHExL7giox9vuGB2u/vyHqm0UY=","r1wP/p06QQCxnT/Bhj2pPawItisRegsmb+FeCPTp+Lg=","LYTWTe+gADCBkYe3TTFxQdqYQJvQgYJUYBc54lBZmak=","xJB2xbHoWrCl4SpjGum+rTcXN5DsRlKgbk40YRtQahk=","ob8GiCtb4q4k6ajYmqH5umfyCNzrAfCnjPuz6lBVGSI=","hcHoqhHQ0Z5QgcCMUE+jZHf8tgz/DPYN1cYLQKpOhGU=","61EIoww34Y5diYDntM3jd30YcdGeFQUfyYqEZaMhyN4=","i18bVQfjXftLY29xwad7EmgN5eARAzxVkQAQIUpCONw=","Ms5w8gOvaADvLsWeaGRaa6pGazaVFmHVbhuMa+16Ayw=","0xeIzMg4cWkmay6jEpeuA6dDX/ubkIuZkakAWeSOgGo=","d4a3KHEHuAcE40YvnMlxXK50kYxzG5PEGU3modR10vo=","aJBw4YrksPqNBE/JFnpvxzzgRFW4XtjeMLWkuZX27U8=","gLFM0kV7PEk+8lIX7oyQYTr5SJclRke2w7l5uOd1k+A=","bAMojM9v4NYb9k6RSjfB5AP80NnbKSq2L5l84m9c1pk=","YSPWiW/Xf+/BW/CMeAYwyuda/OhNG9n4LqGFREEgzCY=","v6VkC+em1eIoxQTf2kr7UaMKRjzOwQE7fMXCC018Nmg=","vbahb8gZlrzXdwoL+1psdq5iGu5P+48aodBVkATW/Jk=","9JytaZV2B0T2OGOsLW8ksozTiNY7ASm81CIB97kN7l8=","bp5gcWWtGmdrMPMgfRQTMeSiwah/C2rKiTVp0jn3cSc=","GpLK/KrlSHSMEoFqXLlFGdTKxpcr/Bf7//vKISerH5Q=","Hc2jrTGdjiNFwrlXBbTPq4pgvq8SM4j6g2tfTn2FXDc=","B+CFtrGfLzOWn/edqXXiGcTt4lWgMVQTyB0bFnSpMNs=","G6TI8xfrTFFDQZrrleiD++7h0asZBkzt6Ff6/KqA0MU=","0EKHcF8dejhC4TmR9fCX5q1yL5k4l6/c/B7wxPjIgTg=","CpzJ+zoaLIzLARE7WGI+oyCO40rm87b8XOEr/+O00lA=","ooB1dQMP1RtG1HtpoYd80KBfuHqxvGvbCe5zab1p/JY=","4mjc03ED1peyFJuxTpdd6ZpxwKTz4E9I2zJVH43vDRI=","n6NKWflAy0JeQC37M0GgCGDySgUeZuayC9OVNxnR3xY=","a1uIBoQ3njtXi7TnaE67vv5Yhb11itywizAD6V4Z+PE=","wHs9AZrAzfMmLLT+27KW9Aj1Yq3xzfpBv68gQ9MYLOQ=","nS4TOjAJbCc9QMoTKlQakM4Fwdt2dzk8QXLMjjIZNTI=","7DtxolxTD7q1bWDuO8rDapjNaP5RAGiIwb5rzFuB2oI=","OquADuZND/lVdsTH8xJMdGs/Yv4Y1twa5gZP/0IHodU=","M7Dbf8PUrkGbCRi5TFSz/gvBE6hWY92TUvvQcPJtWdM=","ErG7YdhKbynlRHgbGcpWeNRDh0vrPpCVG9bI1zBd6FA=","S/3FUvL3yJ4ZcfiNAMMRPajiPGkn4portJKmiJVg76k=","1mPha22tY/FI9EGLKgUwKG+PLjW8P4FD44eYSmnlQKQ=","0AjcqysbljicruD4jx199LBhxSTYpktTAGW4JPNc+W4=","NHSCc5B6diPwX/zQeBcV955gNdVfVg6sbZ02lg/jBdg=","1w0NvJsZ9FvlQPNMudOajMx0naA/MOcr9eb1NCvNZUc=","zADCWbTbtQfWYvZTxfkEpr9F1T1kY2/nKdaPJpXJ1N8=","+DsVk5T41YnsS7JTGfbQl2BC0sRzjDqcRYunddQOxAE=","e2Dd2E+12tR0lmC81f5iok0bhznHYHLi2MCBNIxs1o8=","CnJayua1Omkrt/HyCCRS+TQd0IxzCPZn1wUlRGXd73k=","a0+XR9pdh3YEjp4Rx6buHlK0N2BsGs4wk9TuOPBLjxs=","w7DBRGkouciFnFr4dr3iEcP2TcPIlEq+bZ1o1FQYPRs=","qqyT7uBlPmuXCTQG3Rqru7tYGodfW6TuWdZcAGVjgMc=","15+6wGOq8kD/4cP22ZAZN0RRhvQome36DVN+EIwiZm0=","1jrz6Lo737UCxavOOgTmaRBs9eI9olgs5yg6sVRO7GY=","NuOfo34Xp+xNJKXiFqPR846Yv+tCon5jQluYZyJXcAk=","ukMiKlaMC1JV4A+AYcjKD/pCRIfFZio3NPgx1jdOebA=","QqKsl64XKDHRrF7SMUPuTuduNpppDAC5Iu+C1xMCxhw=","12OV1wZ9R+7wiHa1idCjUKjcmtzpPmeiXln35BcPpe4=","tT/Rb3fYiN1dynnRm4ZqD6QWvJP1tOLfAsQdS/18dDs=","xz6J0JhDEeyUnWi4ZLe8q1b3zMrgj8kq3iTT52npVjA=","lLqDUb9ZXu4wGaSlgyR54mzqNHz1jt8G7X8fNhDy/So=","yeuUF+h8epWr7ZBwmMQWGwYaSYC+ouup3BBSmgGonOQ=","+gETIoYhO3xAemGrszqiz1TNleHAAK8Y8bxeL4pOQ2U=","nnNdKHMOnH7I7dPJZMMvRqMiGKJd3zTJ19isvN/MFQ8=","eVh4llc5No8aQoxbap6JGpX+3y/UE6QATkz1ntW74Tg=","91FAquYooAP6XaOltKZ4RyWp1ZR3OmAZ1fr4cCwmsfo=","9keTSMiCDjGE+E2Sx/THwDqU8aQSve3W96diNRCqL8g=","zuAmW+GWTAcp6HVMO2NRDWKfoUMXOjHHUzALic5pp78=","o89/VZklPiRn5DAVKIN+jr3W5MgyEM0gSDSkxwnUSHc=","S6y4CsoFNJUhAMae8tYoYhxU7XicVDDV+UOHgp+qtU8=","DQeswFRhO/bzXESwX9bHdCAq/8Y5qn7QGTntGgzuGbQ=","2TGu9UpVL8tuh/X7W4K56k52o26oNHT/R1mcNROTCug=","eWym7Uwe5NlGSWJSzQgZt7PQCVSwojcc/nPMoRUsZd0=","oRO249sMc+rgf1m6JnM7DQWBgqsWovyPjDPmZsU6Qms=","8zVEiZg7LSESo71Ka8xsV0z6VhRFkRbwqp1rvseJ9Qo=","cPJUssUEYH/w00yYmXMuqpf658MYBcUkNhF4CZ4Z2Dk=","emYOibIhtSjP99aaK1Rh2kPGWn0lLO4KKtCCHhKeeQM=","QOL4izJmyhNVwXTMZspjy+L8rnTi/DaaM8bU6Uoh7Oo=","rawzf0dHhLnxrFZTCJbk/v9u8NryBxUGoUgT5pvieQE=","Y2UYZ1un8UI5J/YmQqFcu1eMkXhIaZ+WV/2mProDxHE=","KPlyMUnm9eOeim7eXve4ZDqSGtJ7FaFpWeu5oI8emkM=","exemZR2cwVxA7aapoWDPb6cR39xIGucH9R//IOeQKE0=","SAoTZoMPaM2NQFwSv7hqcmguIa+eJkowgWp2mNBMKXg=","VdGj3cioh2K4tb7vPGhql9jm/cHckxrmX9giJxnW1Xk=","QnPz1stWDnX2+8ViYv34imx1xQsv2bdzvjNvcA69TJE=","EHkT4rbAGcZ0nP6ozaAtHQLyhsg3YlmGOpa5H8qiZpI=","Nrtj+eE18k28gGYz+M/QYUDR22z/GIB9zCwgu/94PIw=","XuslTWJpWmDHboEu0/Q33xsPYYYX3nIlZI0nuPk7vwk=","bGHxkMbhmavn2DvEthnPkrcOsf81AwUkSh49efoqVm0=","qki9DWUwXvUeG7GbPxzYyCblAXHzdVLvGvNFKWC2aPk=","W3CWs/D0Ko+Wx9IlBzKdPyDPVAE00X6fzOmbd/MzMe0=","S9L9QtEOhYIEYk0nFu0jgbNK8H5Dk8iEopgvTzmLZio=","jWKalo3rmPFnkA21DGxF4R+9H4pUZogL5kjMgUzopyw=","TrGB17syGN70dwUCibFTpdOB6FvNMOfAjUyj4WyLI6U=","hZvu2iDF6Unayd6RLsE0Sq0mMMBstTRgY331oviEhz8=","ZiTl1vrd3peIJ7lpTyWgsnfNZl3fLQj3yg8co+xIPrY=","if4Wjyz4Gn5/WWy8ksV3g/Q5LYEDiMI+4oEhzLr0eMU=","f7LlY78ptRI4l6jv0rb4IFLfANEu22y75wJaPXTP91c=","TVGQeYfgfevLvUCFBj4nxrNAIMuTBzjfOnwRbD6rm+o=","dlB3SupV5mI2fMEcvtBCYPTqEU6Db3V/VALjeAK9REU=","BppIzJQx4U0zHBsgxSaIvUcvxyVC98Cl5txQSwLIa/A=","0i2DLRie4EQezr5gkx6XnusVGnmvWtkn5CKWjqcpGYE=","gfnMfMshAzhHgIYIj5oGjXpQELQP4MuWbVPL74h6DgQ=","Z1wadAN3vzcQ9Cd+F4x/YHRHPPV3EtXM59wPgaIL3WQ=","XXmmm9aAEMtk9IpWlLCJYyFbGeSxkLOzm1Yb7zZH0HY=","QG7fQ5FeFT9kg+vNMz6WVZfh64YNLE+13Xcb3FA8HGU=","QbGShcvtGTW9dnvduFG+PnjCCcTi2EXJXqsw8XkJNc4=","BfJvMn52uVQThehuCmojVeJeqZ4SA7+uqypkpVfSV90=","MFt2Yiavf6JcyTkCnzY7GIjxk/3NKIPpLVFhVac++GI=","GOEX7gm9doNx4JbcKv3iEJibkbKl+t/nTL3nlmRDaB4=","9BQ5FXrCOIagiSRc0jf9emdV6khQ7E6GUPfqw3bWb4M=","y1hy2nVM/DDPhkSdJMNGsatFzJ8Lz/bV/5BD9wdqHDI=","5cY0ZrI0tEjM4nZfJJ6TaFW4A94eTYyqkYI11yXaJpQ=","E0HTaDYI323zaEleJsTwp3BTWexbqBRWy8+mfChL91Q=","XhCsQL+7a4sNDaWztZZFi4TBXBFClTwuXZLyddqKz4g=","j7aekKo7VMqH9I9r053wa+EFx9cAWAoCneQQ1R+l/T4=","IymoiVzBEX4nmkXCNn58pZ13B2wgb+a8oXuI7XQrOjA=","S4M7YY9WoFYkRC8jf+LXw9s3e4/iz2kRQwYkdo2KLhI=","h/9Wg+iuHJkda5Gnl7XFuEBL4zyHNGiiG7xdcSdXP1w=","w5PJzSVkJiQUfvl+REbNbE1sgsSa4LKyKQtViuqTgKY=","5KWsbiCTeMfVfrPNWd3Jcw8XmNjkdOhQvlQt8ThV/iE=","76WXL74cTuLkcfXYvZQ26okwP4Nx7e0G5YV0K8Q680E=","US2CKt/Gl8QEHda7+/p7F3ik/C9R9s+X4Zp5eZfav10=","gVKjKaQacFvJeMw70NbpeHvIzSaM+QEVjoFYF/CDC7Q=","ONtB0RpZaQGbHmf6rfWyvAREF+aUEuLJdY3ea3JyG5E=","uLL4RIAr0pfN6Y9dowLNjVg6G6dkfUGeWYz5JrHJp1g=","yFJ1jMevaLpZU6biXNCmt8GWcv6E6B2BtrhJ6PUB7yw=","Cv9ahspJv0BKEFIRxpvtYeqrV1oJH+ZKXPf3IO4CBCU=","cjJTvP21pwzqJiqHqROcg86nhatH9jQnHEysWpCGQbs=","DvHDilp4SEHaTVIns0uLAR00Bz0LqwDk8EyCeSohxP8=","zKyna0l+xUz+RgZEHyk3J60FCoJlxoxnQ6plt2d0YcA=","QOxU9WsAORf+fqG5PPPsZwGgc2T2UeljdmReKex/92o=","fj1QK72LMxhv44VKHZWRH88RLR98kcdd0Pg5RSTVYXY=","Q+TdZRGV6ipzvXANLuQhhgRI7W5vMWILWCwGpr9p/lE=","1kDEJb1K4d6l+36KpADBvj9qWxVKAdLo10bBkVmPDzU=","D8bgPJs2WeLcbhGjbzrYrKUyKvO6gRgZALyzMaUrCuY=","tX0acMj15S2ECH1OQKLJJ78omzMDk4bTII4hvnQvRB4=","y7skeJ4u9irNvwGYs9l3tL/l/wtxpgnhWl5Jm6T0z3k=","OzWqEZg1+kKo+O5JqscGwuD3M/jnj7nzomfp1SRF90A=","PFP3btsAHwEv6c2EdXwBC56SO4aytALgCoGu+ID7xPM=","LWm9Xn0N/SLQg24ZcvFM76s35NSwr86VYHmvj4oLYbI=","f7EjBS6CLW07DoPCTL8xTDKpFeViVvqiTkihDk4TLz0=","uXvpRjthLefPS4EFddKfNuhEdlZw0T7ih6pfv1pGhYA=","ah66xkQgNGUaLBC0H0MlWlbYTqKRFr6bnYq95tI+WuA=","NwmdrlqcIU7MP9fEMm+1uIa2fHp9tVOHdnFSkW39SvE=","T4Swsa071D+HFEKAJDZdO4zEj9tWJiwSy9ILUz73qU0=","FMRd4g8vERV5mAyRPo3WIdDg9JZk8bjqqLIXNfo9kXY=","nQUehtGZrg0jpvsr+AFvmPsqy4SANdjF9dKoUbEo7Eg=","EhAv9k5iNYnkdniiClGsQQ5duShIVgSWtY+CyM8MhFM=","gECj60ES+XcrS4S83JVq21SsIyKvKoweMLHrmNjEXHA=","OY/PFi+8H+t35AL+ZbMpZPk1HcSYIRfbEOiByIjncRY=","9dBAyOVf9RNfPkdAhbgE3Rwe3umQYcxfV7YuoSzxZgo=","YLDUuasPwE3oGL6YzJy8iq6zS7TBm0XLfM35nJSijP4=","naIdddK3kvM/Z4EisgnBWrV1H7QExR3OAiL19RIQ/BA=","3Q87At+0d/07HLS3sna0tlqlNknmFndKCJxP/0ds0Ns=","xZO2YSi9KNYCw0L6PbWC0PWQ46yJ/BavS5Qz+uEHkkQ=","dd5j9IDPui65B93JVNVCfznHAdQGQYdMu8vy9JhQZvQ=","mUKWdm+Oh3L67iMeGHY66F0vpUb2XhU8BeV79cPTMSk=","EKp+OcupYmo+zyw94sk27CE2LWKIgDqbQS6tgweHSKU=","pM1flj2Pza3ut40Q0YPhNrr4Ke0URf0kWUjqrrsb1/4=","WmzkgfwQTgiBD3K4+7DRSSQa39fBSHWFr3I9G+AbxKg=","1NO8iKel0TMd9QlD27zSAsgtffPQei003lNVLRyOFHY=","Oo84aky4UWE4YvP8vIwQj6Dw/SAhOhdnPqPtHaOFdbI=","VnzPNv5Giuyjdkq5HwASj/aeLY9wvwgtFfcPpscS71I=","60oyAQsTM4t3EOP6GOhPImrVTAuS9e6iE5AbvYTWJLw=","IHSSjsxdW5dc7Y7sElN2I7RHZu7XIjIGlSnLpk6bqZE=","JbmjJfB1gX/ef/oT2Z7pCSArIzbb1EbnLHBtAC6ek4s=","3EC+O54Qx2MTiUQbJTZhCeWwe+TaEOtOtg1UKHaLHxU=","QhG8rI76TAkfm+sLtE1+HOnIWX1BXcE8sunYedwgnS4=","hof1u7pyLTNM7OcYt4zLhLesSP8UyLtKhpalxbkvAj4=","0fIZBQhhwB/KOYZvCRMgp+TNbZHIiKxQsQcVvRBvdfA=","EeONJIaB2ewfnkbV2DVbXh6GVUWAsPG02Qu5ltUq1gk=","NYfehlUxh0fr0KvAx9fSNoQZ1kS3yEq9EgIdsPA8q5M=","KAN5N8jM2vGgU7nPCUvRFyvkDlo+XEcJOQ02Ws2vU7Y=","YyhfdhBdim8eBnEFjHMQeSVMgV9xxROIY+XpAYiF6CA=","JFxNd3Im2LApI9ZKvVzl6k0s4Y91PXEU3nZARFnfhpo=","ZmqAIdY5IuTE+P8+PnrWdQS0PwO7gKhnSk5QSdzLbls=","Vpzvz50HNr/w9P07k0/3LMAQ+GCxiYJz2X16FlEwHXU=","1yS+TftlEtQBWYf5SlwfdX8muo/gFfDreiccQvx31gk=","wKiSezvOya9juaAUOpUnwunEOPKKy+h1HyJJAaIof5Y=","dXcahe6GFpj4bWIw/c6MfSnpE5j0h6waEsLcYXDufOo=","7LKLZaatBS29JiAGAH6oWu8UytUe+54ST5fnZoYRsFI=","h7mPjEpA7crNp9pWn7tePOkb+onO2ZadqaVFxqwsElI=","OubtQGrNmhjUIAuYQAn5mw/oc08FcVJBWIfADauJbdI=","y9TPWhQ5NDceQpP4eYOUlWfR5olDMs6unjiW+OkxDgc=","xjjhpwspQk/aNSPSIDb92gl/LB65tHQAIH1Rv7uWZv0=","/qrMvKtDelFJrJa5pjIVb6F5y0sqYvFOV751cp4ZVps=","7BKgXZt2FdY2QZcER7FaA+7BbwfZlaRP+PKTKr1vQbs=","xuYmWXR4wbB6Ih1W4du/F0W83GX60+kALuID1eqbcZY=","CWbPxrUxbiA71XLwJcvaNDs3YKzvMIDPL1c+DMZLhtI=","cbMVtJzw0dVj3a/RHrOeBaYSPNg5WtE6qUL1A5q5bVI=","Zk0nwPSAGsQjES9YmTxFRJI2oa9/ljc/eSxx9abwAbQ=","4xl6s0d3Ed4MXBKvcsq1l839MPlYaX7Dgx/8nz/d6PQ=","NGj0ifV5FSyn4zab/FLohXCAo+NhMWH1gBaseiKY1f0=","NbWu9bEBnzO0H9f6pwFMkiQ1nRMo/lAUY16+v+tSVkA=","bRRxMdT6/ZFWIHiFe6r0WKAB79iB2BRbGFpZfTfUf8U=","2SFooK/C9kOMstFnXL7Ol9DIY7N6WSaH4/Y+OkC8VlM=","JLtkVZb618/3fKYEquo4rzb2LCd9z78Bk2q+tVvARVE=","rvHOWdfEWkqPVFPH3sJtS5pHOeC5hFQLdQXMu7P+aNE=","KJxBy22clPR1I9aY9qHHfa6ax2Gbv4q664pyU8mUbzY=","kzW62nNGqzIZpxqM8AbIk4MdjZx8JVt/OtSOh3bFcCA=","WZdSeThc4cXkatta7w+kgUEINFx/4/DUBe7YlnGjngQ=","UVBc9mwIIn514EnTJO3R6wFVNu0weFu6jAOOQku0PjI=","fn+0e5DHspLpbXrjsjEQffT2HpKBEzqbh99rqvqCZQg=","+wUvbFb0j7P/JlnmmODR+Fggxf6/8QPZ/tQ4gb50/60=","dnZ/AA8wpED2+55ZB17juJd9zV4XhV39avXlLsvIoVE=","I5TkozrCtri8EpampclrK5Upbrbld+EDADK+egGVYz4=","6PbhZAzEgQv2QA2xOFwF9WWaxHrWgl381D1RtatIAjc=","dvibY0Xx+3ObvfNBwexM19fa9eN81ZDniWM8UmWwi5E=","MY7jv/wYx3ydXHxyhRpaZlNRKHRuBZHdbTjXrPn4Gbo=","VM5ix2DGKM6QVl4Q/kmD+t9JGdd7mQW9taYX4pBtdts=","tdUL8QqDGYyJTpKmOCXxiQsnIw59cufJMOdNEllVQAU=","Jpaa3zhGlmdfKz8S1oghqmXeZVYeQXPaxUrKrq/2tFY=","nh/K7M3sibrJB6VW/U4Yu0BgiQCCU+EfThtEVp+u7Q4=","BElgRSr2w53GOTy9Hnlp4Xlvvb8GrI8F7vkqlTQNFTU=","SnJkwYumwfGGqgpRa2y7HKDv593r7FDy7iOB3KKwxLk=","XTSzrOtH3GOPbDzsVa4Y6Vd5XvAwgoecs9s+0MySNhw=","aDNIL4LfsPWr4i64SinJrmLI6jfIlthpxnp/ijwC1jE=","p7eCf+sqFEwaxxFJV1dpWfAARXnITxSap6VGHZDNY9M=","ejYswpsPYBUEnD277PsCQLVQxHLenItH2euynzwYR/w=","DYMYK617kRVVULvw3maaHuZWa5ab4cmmn5POyMNN28E=","ZGz9JpoQF3nPpxDKiStgyrqsTJ9SkRC08PczXna9SgY=","V+Qy39EPM01ZEFvIqElbNHrkIuhhi9asM6ll2D9EVm4=","MAxuFtscIMvlFKuro1SNXpmzMGtjM8XGhpF7ZPbyJS8=","+yk4NM1Vqey/c23EmMJ8LjaPmZ0awgRDbIox+gykft4=","LZZSZmjjjke61RUMfIXqocuLYTnAyqaXtiupfMFE630=","6lpLsNmlY/UCsQXVwqzk/PkD5pCRMNLut4ZKziVM+4Q=","1lL7zR+m1Yk7et77hmhxHif7vOGxqOALdxcHfajD9uc=","qIPsgpeHowjBXHDOi4z8WxIJO2OKJirRSKCq073I+nQ=","qvcfN/IRZoY9M4NLbubwR2Wb0lI4fXfv7cyGkfBTWDY=","E/wfTm4pwLQxDKuOfmt3G/c9JkLG9pO16YL6B3mEmLQ=","7TbUlTkMdvMwS9WLa8NhbqyakzEDliAD4CHm4X9FUNE=","AbnTWYG1vmVSJ+i8PiHg4g5ACiDfchticRdI0nM0bfk=","YdGka8Kmjf0m8EAkloODBXwtLtoz0HUM6jaL2qauMeQ=","3u2uyeU8Ks3eQtOWO9x5cCYglpPMi/3cCVZjh1JMcxY=","CWT4CHE4eo5pEX/Ic9hL87c8rjWzAUygCLW729XZ7gA=","69dnJByA3N1VWBBcRbalRACdi8bqlnjqWUEh0RJUhdw=","Vfa9Sli9d28jKEXihk4Vdeoe6kXNcG/l/KthVmEkUtw=","1PA7LjTuih4CWZ6CDpXyi0HpbdYj/KahgPI/mm957HI=","D4aRtiedxm9R5mxVS8W0NnI8jUyMEZdN3NcKloQEGtc=","VM+ZAECFfZXedcPzC8McS+1fL/bXP40y8tT30ekXhVY=","s/nXlyzpB8NuWWeBN0TJvP19mnTejGdw6acB5UrcX44=","fanXX1yTkaovcPPNhEuPb+YU/eE3VEGLDAkXjssZq8M=","OzBqH9xq6sp0kevBL/r4VdM4rwlUa8Hm3I+WLQVPcKA=","KG/4oVlNnNbY2PHNoy6lHWUHn1SloerKRJody7Q/vRY=","XqHel6cGeeEdHSn52TZoMkoPYCiEzunGtA0naP9RKsI=","5elozsYvlv1aKh2GVFE70spssuq/llZDqZumasu1gyc=","dZESTGagQD8Xv/rjce0rUaoIP6hRry5OK8KeciJ+b1A=","eKKruyQcPEjtcgkRD/SHIdjA701/0iEYYGJKHS1YGWg=","/yuPFjJpsV/8l1kXx2q1GTyjGwtMIp/8RrDX7ERXLws=","gyj4rm3EsmYy35CYwn0b4Gm2RCoarpOy8ZciRdebRjc=","C3404h4w7SFHuF3pAqognZRqO56rUaS8bHq7iIuZdk8=","s2DFsaPwPB2CO3NMp1cywCJS+AGU8AQ4zwskfki5nnU=","uX9fxy/3yYWESEuz+01yqfnI8E3ADc2dlf+tnQpCnVg=","A4U6AqfJ5N0xi1aNck0Poiw5mviZvauiUyMwmA9Ovs4=","fp5//W+4tWcETB75iKcBevI873oRjNOM2Fd3qdu1h6o=","xY5rmDXYE95RfMqJVnDTapBniSTbFsmg5r3wdpM78Sw=","FozzojaddSH0tyvVbSyLNyPpm0754ge8Wz2vaazKSy4=","lH2Uwo7UE7q4Bb0nl+WJbvC6s7AU+hUdeUmBh0eody8=","hKuvKY7rIOAv0zrk1Vvks4OzlR3xpciTciKGY8B5SKw=","qFigvX+xeqRTm9e9cHT5HviafkntHu65MQ60AT7fbfU=","bSoK12HSc7V1Mte1SFWUZYRg0WO/X7TWCpEe+ifYDAQ=","dW7SpjpkxGzzGrnRvyDForEXWJS7GImq4TdRwszbtPk=","dI/niAx4Nahc1+zjyshBylBRtV1XRmZmKkjn1VbWM8k=","BGVX5bYTd0crlDT4+uSrp1W2FKoITdIV/Fh0b1yeSas=","DDLea2GvsXUf7AucDTq7lhPPFf+eDfkCedAUQMsF8AU=","kVc8thxheiI5i7C7bJ4DawFhi8HzrMvht3uBZ+4W8jA=","oikLUIR4Un7RurHQBgPh0tfSHDNByxE8aGSJ2DL009o=","ideNaYTebs/fTcj+TPd3H5HwqXCb2Kp3jtvXgAwgo7c=","MSZ7iL5OvLqpVnoQUbI+XzCBOzgWeOs7d2ZWukuie9o=","CaQuOFCX+paHE4zVuCE47XIA9OayZ0IjGXTOQvefCYQ=","B5J5IzY68EbxNXPPFa1slJS3IV8nxSrTw8PP84G7jTQ=","gD7WZrx9hiNUIs4y5nFRKh3FpoDnz1DfMBCHm83mTG8=","QkiyZZ2hazK2jn2mKHhHTXPs8+r4xF0EHmUCBxd1UuY=","7OTpYpJG8JKTp8se1Ia9Ts/ETiSgfkW0mMH1TPNkoqo=","duSE8ocj2Kqr88oT0aeW87m03z3Zh+Q46Sybnv+mh08=","b70L0SfZWnh1jh3E2ckd22nU9qgumWbNgEMusErL4mA=","y0Oqg8MHz5ItNw500vaTJdd5aga2HYLW1UXSQLmbj+I=","j8ODr6FR39/9FSs5fdDZIuIhzc0zxjQ1KnjhAnJz5p0=","V4otg5okxCg7eiC4QO5ePi7KU7Dhh1UOFUcgvwEE7X4=","BN7euO7jQMAtSD+BLhmy6j9dzteVCUUwD1fY9DdzbCI=","fbNm/I7Jpf38Flf1WVGoBdQGuvtjpNMbBHO8DsyIYSw=","rAR99JLH2td9YcCvRLedwwkGIdxVf8sFiswWsaF/dns=","Ie9HVdk8fwZytL3ZGs0TDX0QGmdJK/atHYACO/++brE=","olOeEhQjPtJHhGn5lCYMz9V2RS1WrwYbnoEYzXuoInM=","HCfBx8E2FqL2oDj16DUyWGKr7WhSuo0XAzTfaPElugA=","NcpYxZb7dNoFoHi9pCo4RsoGk82zh00oM1CsgZtT9/0=","dNL55g1jYlRpteK6tO3CIjc73nKWSE0uR/+N/JFNR8I=","pwoAXCS/bOUgA/PmKs3OvYr+adxWP7vPmwGfwQesKC4=","+k0/8l8gV50GkE1Me+FSflWo1EBktqnUQeFM+YNmYsA=","FIBMjbbaCkPkX8P7GtN9HHUJKWUqts4HluZh2/QtHxE=","5kj3sC7d8LYpxczAlkyx4L/ydCzaibUW+SFwIWvmsGw=","fEQ9IfnYm4PnmPrHipWEnFgVAlOykUPWf4goFxMTPXA=","prmNP4jHzZaX/vIOicjVIFjVwHuC74ktSUo3A0aWOSg=","WWpL8uciLJMKefKDjKipZevRKXFYlqBCilDN1LrcEwo=","BAko+QF1DCAV29I5GUgG0d9HS0bFAgPtLCjT4EV9sko=","alkV1DVOzwUJsmXrEnwEiAC+sQ95mp8cywXZFblYcWs=","TYWx52A+D0dUR0K+ZoWsTkgwbQEl10RWwaVvqiRYT3E=","PFeeUlET5Ie7D+woRhBF/+SYdJWjReCpgqFdbHPHZaY=","UNQ6RyXWiCD21r+HB4BT8AOefvkt+fHYW7jLLbl/I/o=","463Gt08nUnJhhpkXCIHq9eUoMuOLOy6GDRXEuDdze7c=","GSUD/pOUYIg29MzgaPRiREj+3tvyD1QOcEcZmR/ilUg=","+U1XBh6u/KXXaQWWHOr/i6PBY+DJQWzly6w1uKL6TYE=","8aD6Ei49pZBh2rlwC1hIMKpJeMBRblC9aI+lvLzMIbw=","greFnIQE9DGyHad0iJMpVS2C1wWzIBXbNFbdEf5pvUQ=","pgPyALABg+BSLP6D8p2/39t5UNu61I4RO+9P1MYfuFE=","dq+g3ONtYGJxcu+OhHHzXhPejxlgNO8WkAZXwoudxh8=","NZsv4/NC0fJwJKT5eMh4LsAi4Bpcwpxw56FiFGY/TOA=","pHWUWpDX/WT1TiBMKYbxFXo11/juuubD4SYCmd/4XB8=","8OeMMQ7hKAwmVlyY3TJqoQ3e8PDMEhLbAlwD0si/q+s=","knJCrC/Uo8cea13djvqUh9jxhlRB/67c4ZygUW+BWFI=","2anfJed8oHyXuX3aKbxy2eXWQRmUi0GfsS458QkJEL4=","cD6Xo6LZqsQdZ3XuogXGbmBtqi7fLBP4TF61KC/1aPs=","/HZUG2TfFX+Wis4zaXEA3mY4Gduy5DW/wzZj3ui0D3k=","1y4OOz+1kb+JNh3Dkne+oSABdRVNyVnC5ciVYJCoX8g=","icuspL+ahG2H7/tfVxcJ/OJGWtMpxByLn3KDfNky7lE=","jf3n21hG8kd8/FLMIWQfrNL+Si/geiC3+JhxO+cqdIc=","G41gwUbKPNYLJmGGjgfDlqYRNyaE68WO9ZmtXCOenUk=","fSVmA8vCeBubN2dJSnU8Ksm5w66Ejid32AUNcPpJ6ms=","H4UQY7de3/xoYQzDqXao7HPfgIfb/i01mjYYH+1h0M0=","ohY5m2n8D1yYlju8raZfPs3Ajg84UaeqwpWwftsMdJg=","o/2hfHrY12g6C1JIy4mEoWf9e2Vmnmq2+loXwL/Fw9o=","ms3nQmkq4uw+w2GrbyVqUmHK1z+PSHnLMQMjaVZCtFc=","rRszdv9MjwTwTpSWFmuJdp3CXhn8OGr2kvlpls5IhMI=","IjgMsNN+ArnEa3RDgGx89idV7QLCjWATmsTA8b5OyAo=","0Rvxsd/Lf+ABy/p4WJnSmMscBycvrTUP3GBhDheGEbo=","mSkR6Yt62Hpcepy6TIFWOZ9izMTbYIw6N/Sclrr3Upw=","j7cfKlOBGDukmH0Ni06gRqaUYF78ZQs5DRzbfvCZ92M=","QzYk5cZFUC2vVFHR0LgxESr7YZITisuQixRIz5/ZSJU=","cHys/WWHCSr6iKfYYSi8SExqW6jKBLHwv4oiL7NOjbM=","2/Gh0dnPm6sTwExX9CoEO2dJG2D4jdJ6B/4NNVhBFJg=","rI2bfrMYgXs0p+/tsOGWE4tCak3Vs+iSJ1qUuG1jKOk=","PJ0LyvA7XMXxG7mAQPZghkD6zAxe2mctq16P+z4TQlM=","wI5BN3dE3M8zM8D4j7DNuQiG4CNHWWxCIxy7xCzxql4=","KgsOPDHngFHsfqGL5cTrq7iWjtZVjs6w7h9CXEkJt+E=","e4kR4dXmVOS9l9XjHF6JFrC/eehJFX3PAJHtxzCywjc=","FzICTpwt3ex/zKh4lgwQRDc8PrUYhiGnqxd1rfPigsk=","jC8Ij7fqC8MvkalRvQRGMTozqZoTSiw/IRn2FpZHuXc=","gLNPalUWZvlcLxl8cfsTXdJXvDWz10QD7N0yrMbOLXI=","9WdQPUzmYqV41iwZrcUyn2/OHZzrXkkwCVpWfxQjH18=","HD3IVfu9kxce9AuS9wTE+sxdcpUNNbaabS3IzE7ANQ0=","Iwy3bdpHBy7ZCGbAfDY3v1YT46Q0zG89+Fc+BBN+jMw=","k4RC1ODEC4azkPy1tqLfOMBx4wiGS3hqqB8dZTSJzdM=","9geBBbcWLZfCbXYsu39+pawephvsvQkxRnvCe3sf+8k=","RMj1IP34iBxl6JbXjA9SJi61RpkonQW4Jul74uBIUMc=","H5O6oqrdV5/lxKEzFULWxW4JiAnClZ8OXSxWFA8CT7A=","vF+0lcGGf31I/5vRPTJLOQaHrVKa+09BJpyjpJ0lzXI=","Eyy1eeL0MUUg3IReMsJzudN3OponHS2YCyFqrnQKfUc=","shZuXDDbYPVX+ZMEUovBzl5wsisWej0DMQY/qwWVCls=","T1xKQpphF4WAn0kjOEOUwNkUXxPcWCxIjHM68LxSRfY=","swH11oR8IeFJ0CZQ5/nq9w51wzHb11HCUshMNJ7KJuM=","35IX37mh0F4VeH4KTn/DOA+XrnpQkl6ObJrmIWd0VBc=","bjXtDPg67u4RJYrYaHGi2xqdwQF/ms1nuUKs1qpuokw=","AZCBPoEMvCi1sQDRF/1QCXE3PYmkElekn5jRQUJ4B4g=","8JGnPc1yWJA7Y8eBAuYROvgvDPFR1GpaiiVQwouCw9Q=","oeZgUKo2dKyX6Jhjmb2gRzmGpo2cFght/sXcqk9vVi4=","S3l9iGj0oa8pwk5Nlebsz3PKtvoYXlBmN9pnnRpdTx4=","4oUz6dlMbfn0d4g7GjufFjCfh5rVaStSinQSLjGuImw=","cx18elvP7mCHf4CqZYQiYa8E3bneUyPWtrWtxs2U3VY=","55N8cgwG6RhU5zVdBqg6OGoSCOoGTeBIjdKLY9rDuls=","vQZ4U4k8L1KFgB8vW7Z0Prm8XgGLqrjWrblLPFqEYnI=","OkywhID464RjefAKm45qLY5/Ki7XRhvlrsbga64Zjls=","HwL3E5Uw8lfSJKt7GI9UK1etNo53hEZczBIvLQek1AM=","q82xbE/YsogEdB2UBY3EJo1Ljj7Cqjp2/bqFQjiWARk=","l0qzYf90d/vCGPt7kJVeXaTeQ7Zh5uSv2uNVC/UhRB4=","YBW44O75xH/3eybWWObk51NSGbO+QjVMhOlPp7rwtnk=","fumnXN7hsJe35ryfoBpaDAbEKuFLCoDrVtiP8DZWOhg=","qy0tM/2buJvNiABWx+wlv7lQUE9JezGaGEDbzZ5W5T0=","YLSS1RrkdH6HhxZoQaTh93rXaq3b69p2EXym7pdjG/c=","mNQlctj/5qMXQUTXJtNKoQQdBon1L9uEtsyAkhLgCr0=","JS5MLESpB2nx++AyeMToomI0v4MecFi+tIDYnDJYgDg=","je+llW3oTStj/8g/RXiIEh+CBkZ1Bh5iv8RAUCni1So=","9BzuEPFIkiabbmg7XTaKNMxzqct6RCKy1O16seKlxi8=","i53njbmdiTjv9xO0u3ZC9FTVSX4KoD116nzpOx0m8Cc=","b/dscNe7CmDg6oC/oomHaGQpwXGX2zkKdmOSWSQ8GSo=","JNzw5+mqj88/5edr0s2UjNsxrJrpZKyUztG2ojaJyTY=","DyaDCix/pl22IHDCYDyQnYom/rifudPRcl1CzVu7rWc=","zo0io8MMCvowSAYXcu4txmhvAN7SyS/c/36qz+uo48w=","854U3sdZ/sWHt8XIMVd918NR0YT3xjrmaahE0w+hl9Q=","5X2roTQ6XnCNLFJvyT++8L+T5Ofs48ZwanU/dfC6Fvo=","700eGof6uLPn0A2355M9gncU+ZSa6CwyUY/av+MEkuw=","mxnJFCMtwEYddEQCJUsTIYrFC5455snoSKkpzM3aGlE=","F7Av8m+xcuBP/Ivz31HXKJlu2dZFByJC13tfVJl5s6U=","WSB54RvgFf3Xz9HSv+/umue47Xd4Fu8MIAtC3GBAPoQ=","GvCgeh9jlYjFvhBo69vrgURIHhVNh+mNf7Grya0no1U=","2WG4I2JAI0eieJGAMWH2nTveSGw3/hUDb8hKWYO/uwo=","CfYbrlE3EDzbabKny5/aStrQuV4Hk23LX9OSOCQKH7k=","YvQAu11WHc7xl/9+QukvSI3NrZOUzVlBX9yX00BLm+I=","9gWFOul6Dw5H+VpFTvl0yyFWb1x2O9Ws4oRtNiz7umI=","yNTLhH9TEc0zEg6c6BW86DrDMixxc2+J3w1wdv95Ifw=","pWY6zMf/+2b1s6Hul9rbDKwZajNxJV3jjGvmrBIfcag=","VZS4QKLZFeNdMlZecjYW91Z9NQmcGAh2yGe1GQeV4U4=","vRXULapRR/aZBcb3n2nQZwQgInpnc0RWDvRwwYUFh4c=","m7pptwsCoW3OZaakK6Y4DMbZpY4ulQae8l5mchqZreA=","PkfGoGxJzUsLB8U++FAzfVyVKP7U8mXGXcmTGLQAvgo=","YxfrQdDRcJmlMB9NkpTQc00rqWRHaD+kvBURO1+KAHA=","HAk5vTGap87ss1j23v+23msjrucYoVVglngqyxfbCHk=","owJAGDmJio/7kalWIse6GqB+QeA12zIARf2Z0K8u5fI=","CI5+UGlFVQtZQ9AqhFc/cGfTkjReWJ5h/KLVGrOTLbk=","MOihMb1j7zYBbvIk0scF5QDxuyVgPqhxH22SM6uri3k=","syKlZBi41ltiv/LdXodEoCT6e6DNiiwy+6oymC8ED3A=","KfzeCBxXS2Kgki7ycbE8RxxCPsiLWLU70Cw3QLgEdrE=","pEMdk6F+8bcAj42BPZVg0/scWdRuCBcVkLhuIwmtKqA=","9n5AKOyLiVI6RnQnYrlAzlKTZJDYsSgrsopkPJx5eLc=","yst8T7Ab5aHXw3iY4sfPPshOa6WmzKPuP+34OEpMOyk=","vLpJBAI4wBkQUXqsPrUZpfgxazbThK9O4qRqkO65PGI=","KEkQNDM5tPYd3MHHajharwf+p1uSNWFdjxrgGRkiqEY="],"block_size":4096,"path":"js/content.js"},{"block_hashes":["9iM+RUzhF9q/m/o+k08Xoumuh4gsSBM6v+ZHwUxdsT8=","dJtKi9pGuIu4FqhjFhgS9/J/i7/IjDfGEd5pypRt+2E=","9jnp4yR5OeDzA22ov1/jHEpvoFYmxluhZbalDd2FwN8=","2zxBFV/Km02SBpaT4QcnbaYYwfYpCUrMvSKiOjcXJKw=","hyR2+eyUtRBAYfAl5m3y+kvDHWwoUSNmbollETfNLa8=","gqMTH7jIf+TD1V932rabW/g+r8joaIMazDMW65hbuas=","jMx/gtLb+uEfOzppNCTUnI7MEuBW/jqHgUp3oRMpVAg=","c7voMjT6h8ysrkw8yGUqatsA2qFUi5yd3wiKd6x+WsI=","BT0/9s7+Ip5F3JWKSqf2BExG1IgpeURCuuAkHkqiUkI=","dPxFiAtXMB2CIQ+FK686JZ+u6Q5uHyEc+lBfcw3dIMk=","39Ycq47sf8fnwQrWWGk9vc2PL7T7/ACLJHQxQLgmoXw=","ikjUXXsRqrxq1hBQO+xNfUVYeayi2b8t0E/vq5Ynxho=","s1ET8z7srPxxeUNuKSpXUF2N+sR+aY/opZP0A9JRHrQ=","aGBDF0ZvQ99Hs7BzqYxbXN5nmS61xEzajOT0qIEaACc=","D6hQiFSo3jSuj0hnrZ0B2icO/EKK/23XqrucvxZVUkk=","rPZvW8iVpthlNepbwIcgQS6MGg+Xpk4GVnLZbC/IcoA=","Eh+ODA8PUWdQ0qWZnqSWCMewj1JasHP7h+9e1nexhI4=","RZ4RfWXKdiX23LBjbLeANoer1XCTJBEhxHj639cbZ4I=","8oHL82TaKrJ84MeEqDzoaRibV7TLV9p8+GOzuE9AZGw=","oCpi7IIdp5xVLNtxag4TBpvS0dW7wfZo0dGlWyEzgLc=","eRuEryZPjZa1nGlt8LzYbwv0lT0xSJ8uhNmynTLilNc=","VEwJu3/hEH/OKFmBiTa4vyYIgGsMzNX0RIRm/1LW6CA=","KxGBD2OcIhGx8MY7sJNeVZncWDh9YKV3350FRYfO9as=","jtIez5VVWGtd2gpbTe4QLimj5/X9EfrT5I6i9Q3DMRg=","7f3vG9cgWfgKug/9okM5cam52vRy/VZpxzpbwJmp9z4=","RY4Ftg9+HVTT2YggBbn+fEZj2ZiYme9c4+i03DRxR5o=","q1q1kSTufKcK7CZu5f7/2A1d2SzR5JcGwa4WuaZXJb0=","H9dzadCZlfMAOaJOJCT3XaRW7PZwCziHmAzJ7/uReDQ=","66jv3HLU2OlxmB/5NGdsS30GUb5ZfZdb4rW/f4l2yJI=","Yh6nMBxDjRfLjqx2dUGlbhXKq8vWE+rg/wrxxZn5u94=","XpQE9viO4/UNtjL4iLfNwWNjSmJCAzyRt8L1sajxGNA=","Dk7T2wN906Nr+hCoHG7Ej3mGWalGrSi0VxNLUvv6Ezk=","/9NqWFSaZQaRACs4rvQ2LgeDoAfJR2i5VNKj3PpTlBY=","5a9XKKz/BXdenF8t6+NMYhvmc6dGX7fV6w/iocf12YI=","oC8245tCS7m5OXk35Bum+3B2C4dRmkaQ0rytcHwUtIY=","b7fQ6Hz4fRqqjJM3+AL+mWJdIGRDs1ZfBRhg03mwnUI=","AD+krzC6v1LdVti0tjFV7SRp2++5RYzEg83pxKO20Dg=","UhhixgXg/5/BXYEJkBUVdJ0Cr2xJGq71XX7JwTODoTo=","AlndH5No0OCGBshqq2b/DmGPWFW/8wirwTGpInJZM8w=","YMmcG00DzfFjZo4pgjf9DSl9ug2Dv4M1LO3nB52hcCQ=","rex35fDrTh5rb+p8aWqlrY0mmYIYNeTUau7TSKJ/NAk=","4irfmVBi7kQTLo6ppAWE1Vf8g/4XiENcJcLS4b5M5XE=","qAC2Bjwk9NKnuEArcOu54Kg/lAur1PSoj5jbAv9N7iU=","Vo6IlRCLCZeNf80rY61dEaLyvHk5czG6E1fpDq8XoAg=","rH/nbw5IAwjmDONZZnvuuOS8E52ZRSThdGtGsl/RYmc=","mmpl6oYNTsOuDrriDOMa3JNd6wrsQkvvXR5diBxHFCY=","Z3V6YVUY9LKGs14Ufk5QDEcNfXw2mTRDv+RpCCRDXic=","YdhgTFD/rihdMtiIUo8NS3VQzkyr6PLbFh8PU/LJJkY=","hjWorY3xCaMjzShwDf5AxZy+qrQetP1/nEyI2ej8Sqo=","lXwKF6EdE9brvfXOdo+jZ3AiEWiMYtzKNJKZhPN/6JU=","QZ0M711GpU4LhYZIbMvcic7r/EzmdBT0GUm1LXXpLx4=","w9ZpjyKCHrljwXE7mRjw2bKDDeZ/dg8M3xYZrFV7T1E=","zvQ4DcP+BLsZDP1IxxmeeuWZyklQSzt00D3sf5s2iwQ=","FNztvo4pIvY6fSvEbgUAdP/5nn2Ci6kCPXVOy90tCAU=","m75oMOKJR9bDqnOrrrBtmEgJ6Yv7VOQc5cwgHGcokq4=","uJfo3tVbZBHJv4napOmqIBsL7En6WhTHcUetqQ3VV/8=","4ctG0VwqVbOpin7AieeHHC/idIs8MriukxbTBwgSk5k=","cWJOcvjHDjZByCTQ4nCYwjza1KVE0YTcc8QERY9ocBE=","MnPuGQcBk21U53VguP2xC/K+++TfW/qDJtZp0SzRt1k=","GE/61Ai9hETIUrGpuNPEyPTXirQCdVlJJQGi6N/ESBY=","Z9er9+4NFnhb/D4yrriWje72rPSt4yg+M+LftHh4UCI=","Kh+hyTHdo6AbaLihJJPsoAR9KGC5waxxoER3p/Ka1t8=","coefPfMd30rUAZcRUzcoPDXvkqCmG3+YngGg7dLjcoY=","zkauYLkLYuiwEfzqoCq7xikgu2vKNegcaUwkMEbx3Ac=","0uLun32OczKwNEU3mBN0zg+mqoCtQUqOr7K6ludVWig=","SYY/2MLwI6TPFGUtA6hUT0aXTzuFf5rk7WMoEcf6eyA=","DIjpWQBtAkGMiCF+qbE4RUvrF2deQi0/ReMSQD4d00w=","UAOVihndUqdCEyiJXN7gikVAl5/bnY97vbdnU18G73Y=","auDBa90tSU7G6A6W3eDogR5NJwhHxREFZeQeA6GO/UU=","ugwDTnFcMi+UvilGHwcxNKUpHXry1dxMWPSVUcl7ssk=","QOhrfchcPW0sDEOGUiAxXOWoyJimHP7Y071TyX/bAbU=","SG42fYPE6CrsIu3z5EkLam3omX7jRRO8WDs7I4WYfOI=","EGnGLb5aeURyh9brZaoIZVoRzDtZFKy9UmjgW+dSXMI=","mTMI0j8WzktZrxvnHupNLWaMPyecTbPV6sUqfOjTtuM=","1jWiIb7gpE0PO1VC6xs1iuEFk2B0YjLkDmmFbHmWPyw=","wWHO7Gf9G/eHN+KSAX0xvBFTRq8H1tEvRuTVnLdqN2c=","R7k21neJCN7+P+T+OvhGICTveEeHV4m3kkhC0A7wY40=","LIj5w+rlNxLVO6AT51DDsCdWaB55DrTY9oOfGAk55ic=","rPN+jePKUaMFZPqOrafCkhSdZmsOlLx1/462aOUk+Go=","3oi+uZbjOfStBzuyi+v8UWE49Po6XsxtGm//6o5H9Qk=","oTFsEF/5x3/1J45AXymroW8c4hMitwg/3EwE76og688=","8bKDqrarZMGL5S3D6m4MDyB5RplQW7F24oK8MRWJBWQ=","QEYky4M8s4GPLYelLbHQXz/YBkdIKS4060mr9eC8mu4=","Irw9Exu2cfL48xkIcmMg/+DXvLEHOe9dHyaBosW6680=","hyxgFXLJ02C/u/RPlkrjHO5Nt/lM3z0/x+FSWEbqpHk=","OBt5/+QUbLpf6jFe2gHXYXba/4J1pnQSu47GYgM5YIg=","wLERmH7QF5ALQgQRikI/3seQvkpwCZtxkIDqvfffs84=","DlVJAULxH9ojx1cmq1LtX0RrPqyRmLBvLEJT9reQYFw=","voQE8jDZpM5djut2bFq6qm4OPPqxG7r0Q28BD3o7JTI=","It4e4Najv6JtgUQsAeZAzbjQ6SP9oU5tmwgoSGab804=","KDeMSONaUKQ5pMzaiF4zRX+gEPNrpyEUNpYt78MBHjE=","QqZOjYpSC9AAJ4d2MpeEiM+SbR6N65aXRe4Mr1lpvpI=","ytpJl4WPzFkYYCEBxiGTy0NGCbl1vZn9bMX3qHliDSc=","0Vuwl11lobqICUiPjSkAaFoyoTh0Q7a/XwpiLpAUfJc=","5mjO+e/VQ19MQaEudClAtHmmXEYs904HSKw4Wn6lVw8=","7zkzTDxnsEkHSfhRfhVmUAo8rduwVe4aZtUTVZ0J8gI=","skE+KT7Ywpj6A6cyM61ywRwmNiokmlUZmtW27Q+Ps7I=","lGVkzoAjQyUjoqLIh6DA4/VZiJBblbjcCuYkT9OKROo=","Kken/J4O/nr4xCUeXhMlbGmgyqCYnxn/AyoxmK4awFA=","pxAuTYt11jhm3/oJDyxIzslvNcnPtcQWP0HvH1C2fI4=","dnh5dyGhzfYKwsrlx6LluOcihaiMxmdOnDagGrq7kN8=","jrNQwNJ1iYsOYGr6uyRc+SZwq9YDiV+EVh9VBMdQggM=","VgudVSfTObRjUVPMnzR+DViL76sTX/YIBnA5t6k/Qg0=","TqL3tpzD2FviA8M35sdiH54j8Jht6XUi9KTaSbIIMiA=","niJS/9UdYTpzFXn6YuSBSnaO4xQPNKKJ2Ln3dVqgng8=","vvK0V/5p3Jwldn8X8rUNDAaDh+si0OM2w35V4sORXUs=","1ztBZLb1VlIxkwScRJ/R4FTssv+0Fbgdau8UFtlMtJc=","PT45ar4MxFj/Jwy96eFwmSoVPMuueMYEITRHGcZfuKI=","iynG+RYcEhP5Wdfigq2oiItpoBW9HvUIzVcU0bigRkc=","C/wwgdObKJ2gs6yxORho+o5+DKqtoI1M2pPrQbfBRSQ=","YeiVDPs/661SqcYQ91jKhyPKi23Bv0hu/b6pDkZmFw4=","Bn3p5IV1Sdw+Qv+HiNB3Y/eSV8QPTtdNorQn2HwMeCo=","GogPc4V5DI2JMRN6AwlN5kYT3Xyb3g9hAvhFOFfPKVw=","VAMSBizk5XV/eysskxbhLamHpv6lzJAs9KXGZlXs0Tg=","MOle8735zGqmeVYYQ9bD7w+iSWYiAY97F3gpFbh+joU=","QkD5tEKg5VnGYqHnxgCUnYIAL2tsolVEHC4SwQmaBQU=","hYijccllsfwRqHbOBbSCw2Iy/PkOjTSfDRRt+oIAUTE=","3t3Bjw/2Hqkh9NistbkXw1XSVOcwxOUMSpEP+SaL0Nk=","HyWG8QYnZxEDnBUrWohyEFenwN6bjYQgfcU3L3ZV7ZA=","hfH1kkdG39369cm1UEFpfhPbxUBho1K5ghrBJQAnvmw=","YR8Ch3NTsOYMNHlNgigM4msYWErQZNMvuRrRuwd8jfI=","eaaw2QPeo+0mFNgrSUnPyvDIgCgBQkpY9N24vjVBQcM=","EKHQGBMQPieYrxX+1UgPkHtJIvQ53dh1zqlInDu+YSY=","mfC1S5OC+4hZXDaDbvEbFdByHO7O5/WS4t9ApaSnabo=","QSPwmu68/b3u8kCQxr+NSRDDsS7GCWRJNCYZidOdW4A=","OiN6RDibs3XGm88iOrITSXo9EAMEHg2dwEh47gj8Jmk=","9ECfopUtETpB468zEUP2ZXrLAzB8A9tuhq5Uji2StPU=","LNIlmU4A9TIBxeDvqRRtF5Cgic/sqAt3+A9odX4lIFk=","DgWSXZjnVWCA/NNbDYumVdgZRlcpklE9QdGbHJuv0X8=","CTMym5MeRtkLZqVZV1PsWA9LbGRLcw3a0f4msBoXpEU=","G6rtw1pozav518LB6nfMjUcW31aENxvsn/zeq1Y5F9M=","Z2nIIi6ZB8Jy8hiKTuFmlWXfjDZfqwQ9ynTn35sVBjs=","J7mlnCN3VL5SnRJh22RyBa+6rEOogRfE56MSZnwV/q0=","sNzp71G1slPvgzAY62rytCklC4D2P5bkTtaR2ebQsTs=","Ck8TyVWxvaHAfpbokcAHgwkhTYXDFYCFyLSG6MIbrq8=","b9cT4DS12g67IEsIlo/w7DGGGxe8ZwMcKGoX2pnYf2c=","UG77A/xUhIgiJAkiXfavvki133tqJU5d8zAX6BNZmdA=","S+LH2wK+D+luhGis08GGOrj3x/xJNaM0SvDlwfvleAM=","IxcW8iarBOqbd8BHxUQ/rVD/tF1ptQhKekavKi3TIqE=","uYWs5IMjvsAyxr1wlkMALO2+8MytAjhSidgLd3qE8IY=","sF4/w0pLDzVAAgBF05IxupSg6r/qxrpQVxcHt8z6CZM=","wZZe6euZ70O4qaJ7oyGEe3OB/8e8+fZVfwMUigWHfpU=","1iUxshnsCi9Af8FVGXoZts+tB0oLavECxryyDx0OjGE=","/RDfMKeJGpSebtlSeLpbJgpZY11SE/RS9Bau5PPddM0=","Bn6YXFCa0jUKe4DUOd26Z4dp3WfXcNGkQmLV3s0pWu8=","mWVdVgLeF/d23LXRGBdgJQxr8vG3BdhRS6i8WA94yVQ=","31W1hbbVPe+PBZiqFf/JyDM0YhCjM1iR84pP353p5sY=","wfYFR1DFZ58PDBqoRuM7ommTiEyspODDmj2x/WMo4+k=","uhvFtGXC3sWOQaifna1jYOG4Xm+OzDNyu/ykjkWl0Ww=","otrx0DBudI2ntNQYnMITASbQEVg6W9TtNqkVMRxa32E=","JYJGKs3ftHrSGoJnIdea/P+LZB2CVZfAJ1eGtiOvpc4=","/xJkrbpw+iL+JuyRTsHB9LTv86qn97B321JwWqUipUA=","e3EuNYOGV8HBOLgAHORsiUVoGAS2W0FpXlepGqcQOEE=","tCy4D551U5UgtEpmVqZG6ujYPjYGGnBPdnVLwPxsjs8=","k+khRnnARHdbTSlDsHIqIe3oa5babzl6hAUqPAIKr3s=","MGdF+VHe9XqSaZWa6CGN+2gO/sm/osFspoXIdrRg9lA=","QySIC/tQiaI+Ce1tW5G+x6G2kBsyMxCGh1qRsy0+LVU=","q7EfD+PQCxgJiyTcBKELmF8lc1EdGJAQ4UcP2dSDVM0=","SmO5gBcswSY8HQIBaLgtEGqG1Hd3cMsfBK03lX3lus8=","W9ovZhVe3WGGG7Tp3CyaltEeq+uFhL+3JaXNNPlIdP0=","0iipLZ6shb9gqYoH6pgQ6EiZef2FvnV6pdRtu5ZgoVY=","H6WQnG0Jfm3uhtzUUJeD0e5ShaNzUCScFQ5/W3lxnn0=","eA0TaQ+fdfOxxJS8LqwNu2A1h51srFPP7oQCRfeXXJM=","4tjacwl/b8Y/Ayjkj0I+kzd150zP6gXULMVvnRNBATI=","EVMVIeY8TiOIhBL5V36awWRN5zouQilQLf4+4fTVxU8=","Qua5yGt5kAlDudtfg25hK3yexLBpWTckoqnGRoyXWJw=","vxFRcRKPa5X1PuZ1zFhbaAXo3aNv1mNUwk0l5d9wewE=","Vib6Yphpa/y1XEoXS0S+WKSHvx6XYm4hNuWgLWtsAIE=","xPvw+uhSAP1cyUBQWIpYkGjgdv5Qje7//XMmfxzD4is=","B3JMXTVtVC1DjcmRhch9nY/DgxXta3M51lGbqxWNZIs=","IL9ec7hi+zX5bpvcWNECQaQNansZdRZ0hpCm1Sz5rfU=","T9Uc7V9zwUyYG5mxX+bn5djL89iSmr3sPCgAZS/7K+4=","zlhUIN11PHGz1qC5PKTEV/B2tPKlfHJNLCXOKtR1fXc=","Lo5WGEzyuTyJuJAfotigb+ep/JkAJjp6eoOD3lBkI/Y=","ax5LZY1P8cJFrlrxZYxUhnkQt5nW5mFJUfB4WLHkxlQ=","PGHzLMJd6Iv3dPxTDqseinZD5hsWLYBPZK4a+4w6Ja8=","B/Qz7eya9i3p1+3sC1A3tTe4f7WPUNB1hIUax0ccaNc=","HG6nbUEbkPwKLSsyXyFse51LSRDYk5yEWurZAZsCYtQ=","I0QYSFQHzuhfSfD3USbTj4RDl9d+D0/g1DSa4TgOtJ4=","IuMcF03jbLqkRrL9qKbi+IJ7L96f1Sah6xvEoNUqhsE=","gA+UfimIDW8j58s4H0uYuiq4d5oxXb5B5G6dq0yFBSI=","AetikEunKRfsCWywT8uNHYIesJUKAchw5gb4/zkZKCU=","AuI4VIvhs5ebiCJEdXkdrWpQ3gYMZYstfoP8FfjBHDE=","ULAYVczplP1LLeZaH/ea2SaaFqqcspxREOpjNq289Hc=","/dUe3U1K9OMk++jVHQ0T4Txsh6zrGDwQQK/b5oKQqFU=","nfisDk8SBfTZUcmKVZDch2cj+VbtVl++0lKS0SrKth0=","oILDwkOePZl08Z6kkeTD1TChu3lW59cEp1mWQWB+Pq8=","TIQpCTsv2ZWjckqhOya7niwc9o2O+P5g4Y3DgALvH0Y=","IVHGvTfC7SESHbGql1lonJ+CtQl/Y7d8QlITCAQYCD8=","16ywzeOSSQiyPL1vYslbDy63wpJnTjc32YMdno/mQUU=","RHC1uLcTCOgDw32Uy8aKZu+wLuIdUgiUvc6BoFTmwLo=","ZSWRLNnkjiK55n2MZ64wM+JYAg35L2lXOt2YzYTxBn8=","V2fDdPNmx80a4JmM4MLbBL3JhhiwvQa/1x8Uph0NVSc=","5LsVH0SbWJpCRGI6EtyG4IQQDhJf6x2cYlyZBKte3oQ=","+3VGtClsuT5NfmDVTPUfV5jF724dbSY52pymU16FPLo=","8s4vvoGkKCha0r55lnfAy/LZkN85Zg92l6l/t6nzAc4=","/o8vZkK6ZEsLC3h4cm+YFx4HJM2NfKUw/5YxP/5pH0I=","gZ01WcT+qCixsfNYVxZ7hBdg4/mOTde7eCqB+V9dEsY=","38JUEutsIx6Z+MspJYhokbshDdhUH49dWP6PZBeasog=","b863u8iZWIX+lZYlis5P0kmQ1t8hoUpwKsFm0e1/ifE=","ycvCaX/BXLQImks/Cry2a9P2gkf17FEQFnrj0dV7dww=","AzME40R17VlEfgf8FAMTplcnpJR70h/QkbmLWa7gZmI=","Y1/YBBNbbI6iiCm/GM+hZGnbTES9CntxENe2xAlc2ac=","jVhRORd3JxbUApCj1ahqVFQwK2hainxYcKLm2CRNXBI=","z0QsCvWs9OGkweeKATiLWki1HMpBp8ZEoewN4o5buf0=","I3XMffCZG/eiDuIa4ZJTc4bkDfhTr51a4Kzmvm83hl8=","t5N6y0Szrv9aO6Jg8XpKYPEsyVf1P8KqqbJau5t23AU=","Qub8Vf4WUy+B196aw4k/FlPN0yK1rvgVl/ECqxQd9Sw=","Azg8+pr99CJ3YjmSkhABgc3lpMogFEcKbs1PcQFhGLQ=","ZHEzqWJmz7bBvfvp4G12gGMr6Qdce0Y3d/biYZajUDY=","+NFMKT/xCzUvwXwFMWckcFyuQA/SK5Y5fbDopL7sRW0=","I2xDvbVqSo+rkIybE7GlJHYSfvKOBQUZKz/rgPAdBZw=","tOvhdYpNXehhPIhTKGgGaCs826ceZFSqQ2CNNlGxV4w=","0/w2yixA7D7yusqbbGo0ilW4YKjdoW2Be6GI6EACmxs=","sJGT7svRmunhg/ivRIv6dV6vWH2ET+9v5SPl/L28eYU=","gVakVisyqBaNd1/Ag6UGPa38ngjzuqW9EEGCNK7C12E=","skuBM73YvPqUeb98T5PFuX3n34jmvByqedjNsNt1AUw=","c2m0LFvrM5VM44hb1UxQS8GwKpfRRcBI5jy/XHS1YZ0=","4joya5mIYSku3oIdO1N60gcocA20fcK2GGiGWpvF9/4=","SGEm2rgaj3gPwdw8CSKpXYEnNH5WjadSV7lfuTWqJhM=","fLXxg6Rfo2TZmd7rr/HyeBAESDWnAQlnhNT7v5cfOKo=","Z0Nm4MsBvpBDfQ6arpj09owDJwo5vBdIiMqwyQnG8p8=","cwP9dEgd2tpfzBd+m1KJLjnx2okUPjz0SL3C59XKGAM=","PxaWP72FRWAPd/yMEmMXbMw+S733gA5vBRv43oSbkPo=","uNU1HuIKKRMgygNjIAIrN8w+vssCB+elUHdwpWtsxjs=","a5Mm84Ynm78iXQqs0cOj+WN43GzEvxqX95SvLCT+pPs=","WmgxzL0tHTt/lJPmogZUmBGP0EhrkT1hdiz3FumWxpE=","tHgBYp3R0QuPBAhIdb7jFDQ4lZXvCxi80R5RiO21Y0w=","o++9ehN9BwUILVWU8MgqQwBlUtAx6DVEHh3ypYPXGOw=","9n6FewoFYNwUUvhWGCnlH5ecDHx06iGG5mElPBzOiGM=","aRtW3vIz8L3ggY411XfE6FfZQfjsevc++6tuLBpAioI=","sklvVs+0AAtn+ddK9bkj5qjy15hoKKqlwSBzpXIP9B0=","NosCXWeCJWH/q7SBoP1E9N19a42wtRW9+orEHVQ3pUg=","Y1/YBBNbbI6iiCm/GM+hZGnbTES9CntxENe2xAlc2ac=","jVhRORd3JxbUApCj1ahqVFQwK2hainxYcKLm2CRNXBI=","z0QsCvWs9OGkweeKATiLWki1HMpBp8ZEoewN4o5buf0=","I3XMffCZG/eiDuIa4ZJTc4bkDfhTr51a4Kzmvm83hl8=","t5N6y0Szrv9aO6Jg8XpKYPEsyVf1P8KqqbJau5t23AU=","Qub8Vf4WUy+B196aw4k/FlPN0yK1rvgVl/ECqxQd9Sw=","Azg8+pr99CJ3YjmSkhABgc3lpMogFEcKbs1PcQFhGLQ=","ZHEzqWJmz7bBvfvp4G12gGMr6Qdce0Y3d/biYZajUDY=","+NFMKT/xCzUvwXwFMWckcFyuQA/SK5Y5fbDopL7sRW0=","I2xDvbVqSo+rkIybE7GlJHYSfvKOBQUZKz/rgPAdBZw=","tOvhdYpNXehhPIhTKGgGaCs826ceZFSqQ2CNNlGxV4w=","0/w2yixA7D7yusqbbGo0ilW4YKjdoW2Be6GI6EACmxs=","sJGT7svRmunhg/ivRIv6dV6vWH2ET+9v5SPl/L28eYU=","gVakVisyqBaNd1/Ag6UGPa38ngjzuqW9EEGCNK7C12E=","skuBM73YvPqUeb98T5PFuX3n34jmvByqedjNsNt1AUw=","c2m0LFvrM5VM44hb1UxQS8GwKpfRRcBI5jy/XHS1YZ0=","4joya5mIYSku3oIdO1N60gcocA20fcK2GGiGWpvF9/4=","SGEm2rgaj3gPwdw8CSKpXYEnNH5WjadSV7lfuTWqJhM=","fLXxg6Rfo2TZmd7rr/HyeBAESDWnAQlnhNT7v5cfOKo=","Z0Nm4MsBvpBDfQ6arpj09owDJwo5vBdIiMqwyQnG8p8=","cwP9dEgd2tpfzBd+m1KJLjnx2okUPjz0SL3C59XKGAM=","PxaWP72FRWAPd/yMEmMXbMw+S733gA5vBRv43oSbkPo=","uNU1HuIKKRMgygNjIAIrN8w+vssCB+elUHdwpWtsxjs=","a5Mm84Ynm78iXQqs0cOj+WN43GzEvxqX95SvLCT+pPs=","WmgxzL0tHTt/lJPmogZUmBGP0EhrkT1hdiz3FumWxpE=","tHgBYp3R0QuPBAhIdb7jFDQ4lZXvCxi80R5RiO21Y0w=","o++9ehN9BwUILVWU8MgqQwBlUtAx6DVEHh3ypYPXGOw=","9n6FewoFYNwUUvhWGCnlH5ecDHx06iGG5mElPBzOiGM=","aRtW3vIz8L3ggY411XfE6FfZQfjsevc++6tuLBpAioI=","sklvVs+0AAtn+ddK9bkj5qjy15hoKKqlwSBzpXIP9B0=","NosCXWeCJWH/q7SBoP1E9N19a42wtRW9+orEHVQ3pUg=","Y1/YBBNbbI6iiCm/GM+hZGnbTES9CntxENe2xAlc2ac=","jVhRORd3JxbUApCj1ahqVFQwK2hainxYcKLm2CRNXBI=","z0QsCvWs9OGkweeKATiLWki1HMpBp8ZEoewN4o5buf0=","I3XMffCZG/eiDuIa4ZJTc4bkDfhTr51a4Kzmvm83hl8=","t5N6y0Szrv9aO6Jg8XpKYPEsyVf1P8KqqbJau5t23AU=","ttRyUTfG6wm0uJAXUTyo36O2KJuc0Y35oNY+20rz2RM=","WLxAJzmtcQXmiq45IhYHzW5Ec0etPDwQyTN0L8MXhxw=","RtfNrGL/mWwOtoEeWvtFc5rBFgwkICmTGGmPm/WbOe8=","/S3lXOU5IOaC6J6W8vRYyXFIwihcbzCPpgUZ20gjqDc=","Fuc05p3SHbsiixXW0Ue6uAB+QAWUIw0LWkN8j0USBog=","oshMWv04h7Uee+o5+aujofdsID5sbF8Vgvr3ldOCTtc=","o7re+0wW0vrUtLKjXpvfMxH2UFyPjHJJfku96ZMvyPs=","o69yG9RinwOs6yZ81xofl46+/XRUBtoMH9orIHKCbC8=","ON/caDZYU5r+rpDO1HgXT7CEkIQnJ59C95NwR9QQJrk=","1vWc6wrwnnHJED6nyF6tesUdDHlzYULb+8XLNFDx91U=","JKneAkQdQDSAKEdv/pwtah+YW++4UlGQKYaZggYDGWk=","PAAXrXPMmXXjtNC8Cx87qNH5EOU3qyV/sshChKWa9Uo=","2zlmFZVN8PdS7CezXS67Wc9X5lIVEKLpK1aoXXMbPMs=","7ALOgfWeshPG0LDoIoS6tvhVhtoINlThhh2x2GEiHVY=","86pzAciCe9YFat0FENaG/HMtu2NA80ETrudwIK7kYww=","TwiNsLm8mCt45NxMJCEutX5URLF8EQTGITjqDnMnpkI=","iwR/SXtDt1tX6ilJeJ/VTXfDo1E8ldHpI4Rd41ygpwk=","g6TdzKSACSplbQyYgoXTS/mr+/Bl9pROKJKbUGPLgwg=","Ing22D8thGA/PyRFEtCl3y95cPQHDwlEsan2jbinSkY=","V8JDWhndznZM4wLsLZDDI7vl8h8Ky+zxlY9vYinKKpg=","HlAz/pdjo8uOPrZK5Lkb6MCBTFrz8xbIihECAsdC/zI=","ZWvLh31BnE+kJ2DgfoH7zWhk1i2vGeeS6QoTPBS4lps=","oKVRHpczR9Qk+APLZvmRUT4FGffG0tKssprI0X2H2fA=","GsCDNKrNugxMVT+zMKdyQ1oGbT24g5tAwkoUFweo4y8=","tbx8m88u09tYAe3w0SuGPsVOPzoRLqAvyCdDFLASU80=","VZHHb/g6m/4od9giLTqB2ovWjUROm1k7WQhVYY4hl4o=","fUoCg0xCj2ZAUd1y3kWA/UVQfbhjiNShWGRGou3uBJk=","bXKnRJF2qI+KbKyci+h6y2zp2fMThX6fwzw4u7sSgYg=","iORH1NLxrslXzsutvuD0bLdzOnLLai7efgDiaTOoIK4=","hC/8DKZYY6T4wZSsWjEkRstHGyLp+WMDBd5cTgTKJIc=","HbyXCYxycfAsH0emWKeRI9oVeFfvfnAoMvk9cNB5kAU=","M4wRM5JZEuDGEa2pd89oz+cQig0xJhhMbI0V40sR3Cs=","sH8ypiEoEVe2VOZvizHsDa4/hD25pQT5/beYjgGzvoU=","l3OGOv3V5xn5HSAQ04blcp+YxzJ6xWaAtroU0Pb7zmE=","+9ok4ceBtgQuvpZNIgLHi1+6qKFn+MiMXvWYKbYQ7G8=","D4Btarwv+/71qXUZyGiqnx4vH3MoqXFq1otqXRavncg=","g2xZU1SbCDf3i+aPlvKQFuBjt9Qzff0c9K5HLcSbopQ=","+NFMKT/xCzUvwXwFMWckcFyuQA/SK5Y5fbDopL7sRW0=","I2xDvbVqSo+rkIybE7GlJHYSfvKOBQUZKz/rgPAdBZw=","tOvhdYpNXehhPIhTKGgGaCs826ceZFSqQ2CNNlGxV4w=","0/w2yixA7D7yusqbbGo0ilW4YKjdoW2Be6GI6EACmxs=","sJGT7svRmunhg/ivRIv6dV6vWH2ET+9v5SPl/L28eYU=","gVakVisyqBaNd1/Ag6UGPa38ngjzuqW9EEGCNK7C12E=","skuBM73YvPqUeb98T5PFuX3n34jmvByqedjNsNt1AUw=","c2m0LFvrM5VM44hb1UxQS8GwKpfRRcBI5jy/XHS1YZ0=","4joya5mIYSku3oIdO1N60gcocA20fcK2GGiGWpvF9/4=","SGEm2rgaj3gPwdw8CSKpXYEnNH5WjadSV7lfuTWqJhM=","fLXxg6Rfo2TZmd7rr/HyeBAESDWnAQlnhNT7v5cfOKo=","fmgRNi/f3t/2y7SpVtKnO3S3IXCsBgM6gSpXEr4/ALA=","8OwhR/NRyR4bj1cJVLyEIUB/+rhXfRRqu79Vmidic9c=","WqWsur2PCRaH2oZXfP6xCTu01BDZi62sEk7bFU0Jxes=","2T2khJF3evIlRSl2c30TYkEdVoDV3Y7EtZrwViqVNl4=","iD0UYLfYpefch3Wv4urY8YApyeGePNd4BsQABHu/Pp4=","XQ8AnxaVundu9SONJXx0bHjJZIkBWs3n4SbiDKYToS8=","BQDYEsyzovf4mzwzr5yv1uevK+9voDGpXLcIxnE4p0A=","/ATpeWYFDakr1VAufJkiYjtEsH00Jdjtyc0mLRyc+rA=","8ZT1AxRB/CXXNbjBSCT2bJtKPU22GWRqlfIra47Ww1A=","IwsSZvWUxbR4sFZRWfykYLR404s2q/+fRvKwTbO/RJI=","PLqCjg6zrsokj9nED5uQkmQfS/DiKJC4d0lgYDRjEH8=","ovVJ6kJFJKowCfSPwFgaLYuXDRkp3X1nYGzY7uhJhYg=","o5w94Kn87/nEs72qQ/ApZNN46bXVSnypvoowwqFp4dY=","T8HZaeKF3xzzc5CDVcbe2r8I5g8va2UIylhD+Vj3L34=","0CvkzJhztqaqj2cPFVbA63gA/CuVj502n7s9xq3BbcU=","g2kuzIxR+WfYVhVbGbS9iVTLvAMoEzUYD0nUw+ugQtU=","Z+ahbzLZlU4M5CuicRCCNYfg101dRqrncDiJ/ycJzR8=","7IXvKb2cjbBFQ88MqVdB4l3ZHNd0wclflaDbkQ9Hbh8=","kcmu3lQW2A31fLvuSAAFqojxXuaFrkNcgW13ZtzHn7E=","8ub29fGommA0wOinjfWJ2GaPRyFs4Tr2YQDzPPQPH8g=","724urhYpZIgnLWEEZAPed97Rg1tU9rq1z7lGh6+fvns=","VK2Oe8jZy6HFcx43Yc9ubYwD/y1fDCriZMUPQGteIO8=","D4xiFo7YtG9JV4zEiGzQFu8U9AlzAEdiUP+b7yYtfu0=","ukjVnT+iKG0uVcyc/6XbjPElfp2SMr3lUq/8gBzhXVA=","ng9KoOB8DUUKmXTVriXNCRcj+smHgNbOPuBNjgVhI6Y=","ljviVjGxofpsvJLfiCViIFDXpN/p1lTz1aCa77+4/+c=","KetnhmBCLUkc1GdP8vb4oXfsrdXsARYm5nsAwa7QTUg=","Y/1CCAzAG2l8FE/r5rUFUAnKOJV8BWO8X7ufpemN7Pw=","zxsG/pEAS7JUeVIiFv471ZRk73HFdM0oYuG9vp0jMxo=","YWVgne7rThBdQShZfy8v1Co5zPSQYCgNV1+N6eB7fRA=","2ApmEroGwJ82hClh1+XSSBZUkZdWixA2JVJD5GSz/dw=","Ugi2EBc4+fvFOWxSoNGG8mfF1YaLy2G5wFuyIuh1z1g=","i+J2o8xduJVi7r5cpoajxHKZ7tyjQCvpYEA7BK/Xx6M=","pHSDsx7a8rO7pDoaZrTgi8jQ578gVjPjag52eNe7AGg=","ph1abww9D/rzbB4Ogspmyc42eblVJ3J5ZSlSfFEAZ4E=","P5hI7CylaIi5y+pfFc8RNV0O5yQBsiQ1sLgt758YEWI=","CnAn2f3dla7ErFhKKcIAR8w/5E4bH4gZFG4/AA4gMcY=","xwJss/0SkO+ijcx3CcIytRijPvICjrtzO98CXw/P2Ys=","GX3tFUmY64DikfXB+U7LtgYWiF/vqWwGdHv8NMrl3GM=","a8w+tDURltT6sqqal9ZJcgFm4A/H4FEdBQsvvQ5Qn+s=","LCtH0y4zvDly0mD6pHPB60QQ9fftoA/Ar3cjZU152pk=","kUNpTHmdR4DZLRd5JJxyJNfRarYHWw3kLNFPl2uEOBk=","X6NXyyiT9NiKvATGTRwq/gJSWaACIBQ5FURe6hbS+Ys=","gpB2ScvTR15jJqF00rar/h7DxiE13u7eIYbtbB226L4=","IiWNdi4l2CdCMCcmVBh4ZTVuaX6q3QSmYptveRhwCQE=","eVVPRJY92Z8QXPtHCOhIm4KQKUz2tpJ6JGKlv52KQwU=","Xr3Wh+6j3C3dg/syJeNfhzpivhPvILSkiSZbcvBCyms=","v2TNvA0oGvKYP2ePFHXu3BNKoHHcf0tsMaJiNNK1lFw=","HtDM3DsZet8yDD4uZ8XSacVNgyb65h0SA3/YhO/8Sfw=","28vkasFWdqO4Qv4CHUyeU8mfTPQ3Stox4JNKMmO41tk=","XZtunuA+VdE8iITru+3FPs3sBIQRvCuBKuzMhIAdJv8=","hDnp0Fyk64LIMCAlgegOArTogc0GBnxnQIKF9Sa9pNQ=","EAtmfIQejPJEshgyt/ZiinB9k/h5vRQDXRaDiAJn1Ho=","9x0j/6LseO3e3vZKxlbPBlg9EAraygU2J73GgTgG2IA=","5BufgXBozV2ZRQxRs2lELmNwsncg9s/hDAL8Sq4Fhrw=","HkA2+D6X0lWuxztLwc9EIQzCaY+2mq0uFpxR/CWYjKA=","RWRNioSILWF/koS5M07qTf6juQwyW1QXQ2baB00akRo=","GFsFbDapwsvn7kMCpRGvhEQ4IbAk555OVYe2dJiWVJg=","diuIonisDLmhO5tFGr3DPSGBlvYOMFX92mG82pT7V1I=","ND6uWqjtRXY0ZplpSQHzCkT7SJaFFmW6S7BS7mJxdkU=","BEM69KErCsT90qa6gXl5tu+72WsbcCciqOoTXFAofBU=","Z++d11lPrdPwLV3lDROWZQ18QACEtVVB+yXT9xSUcCo=","NMg6QpdGVk6cmchNxAxPVmT5qdqJb9oNC71FuYr/sfk=","CvSeVl8pi5EyEvNj6qRZVZKN3dIKM7u8LLITrwuwUIc=","64IYDrq3yrR92ypXvYYeCln4KJjb2rgE/Res8k8O3DE=","JVdeo/sp2QVnoj7tJdOY39zyCQOxfQzuS9a4iJxM/ds=","ndbn/sINSE893tGELxrUWz5Cl/V8ZyzjbReI8FoREkw=","I/3q4odgwrK++2pZ9WDu1/wU5Mz/j+OMEUX2rk7xqkU=","1FmI5ftUYAK2U6vACPGyOyJQbEaQjrdIF7WN6djPGbE=","4R2ms5OMTUoU7/GzlzMNwsWUz8iUuhzUgns7rhRlOrQ=","8FPS9XjE5HrQewk/S+eSa7bi10QrhupNaSNz8xkvluw=","oEAfGfMtVS8RbkvPXqlb9o6/bb6hmINViOBuY/fd/NM=","4aXXniAI1nV7BRsNhhR634QW3iRKH88cMpsseUruVHk=","eAVvad580849hLOq7bk0S/2p8IgCqxOMCZewoVlao2A=","gAv7DE8fMqAm10PekS0vHSMME0X3yW+7I1MXBOGRmkM=","1KdcUyeKaLUuBsUhyX86C/85LBQn/XhXEOE+mwZaD/o=","U/fi/E4q36WySkoZkB7ToPCsKl2vhS9GdFa3uHID2bw=","SSiZ5elpg3ly0dO3mg1SgwtVE0tGoi3wsp8POMXAios=","8qUsqWDa+IJi8VWxEDPMP2lPnkdkAcxierXQVgjYnlk=","2YsTAi8NuC0uQ+zBbqVtKpgzB3d7ey4pSza+DjNno9M=","nDMAHl1e7D2XJHgOXqOl6t+aNJeyefudt1aKRuJtIgI=","7Mft4wl0QOXvRQ7wxtVqEltBgBo2hb3auXCRUrbWW6U=","zNQH/B3Ttn/G4k1OoFA4moW+/RLRDG2IxNbwwYlDhzE=","8wGJMKCqp2eItSWeiBof03pgXe/rhnpvKnNeHkob9OA=","GcflavSScNEabltnTdU4gueejKXWQb1jooNT3nHFcUI=","vhCrVvO44VG8yd+yjkNUOON7/dIGG2UjodrA7aEJF/0=","5a71OwLYWERqExyxMkeRmTHqZhKdkCZ61Uqpe6H7WWw=","c9Ae7By7KSW9cIQG0FSBYPbdZOeur9/F7Al4G36Jmh0=","roBLcPpYanHWzo5XM3VtW84uX4zgDrY8e4mdY1LC/Bo=","Ex9P2Ni0PHy0qjEFqcS1+RUDBHczcLCcFOcrHKRGxOE=","Y6iwwPqPdltIX+dP1MESlwFO5ocQ8+WG4AOpD/io3X4=","/qf6l/4206EqnsOhNSMjOsVFgbGvOAUJ6yaFTmiDL0E=","T92Vsbrih1uOHqMVvyEATE5/gSBBu/NAxvIgGXDrcHM=","WxssEhQncU12us+Bp2ElTGb8AA9Stj9UoSBp+ZOsz4c=","xc7/FDIaf0IHX+jk0DvYFyIFZqlY84OqpaBuldaIPig=","GGCVjLmEP+/I9J98SjO3K9i9cx2EhjZQAN6t59XaZGw=","ZQD03Qd4HC5O21RfoFryAwDaTw8brc7+za0w8Pq77Po=","fP7/NhOZ2oPt49jEaeGYJtmaHJSEzOtq+mxIrAA+cM8=","7haURyh2HytrFd9O7MfbaOoNHOY02OVQ5T9yfYPrya0=","OxQLSGQMGuW15DHoUNF6YgAM035uujOZrCKu7A5188c=","M5jkNidd8BGpYcNtk+CWEXIcbv45eNzoJmgPHTUq218=","3QAixhRhYKCJ935PrsjFEa89GzDS6P6jsL6shHThWOU=","7HCnl7P7go5+4AX3E/RrVi59WtlBbFDgpkr2s1dALnA=","O3sAXoN6zEyMVPz8vEwPFYRew2C5li3K0HhY+4ZAuBg=","upLBzJXbrIWuzdLmvKbPMiA2T8qiC0pSnvsY2NwDLIM=","nrn57Nlvrlx8TEhcY1daVZu5nntW/iQSLaiByV6UlDU=","cdGf2+fXwbsfqRTaqRASJ71BcAfMvWt126EIzg7D3oA=","lfMtHjj8nF4nkCbvSW0fy71Q7GDv4RHxaoDL5oSxkV4=","edfX6wkoEYKXeAHmtCDnoKQKjzIuhNIqb7tN8W+lhIA=","fxS6/nNZuOqM0TYeTiYGN1rVrXtzE8XpG60DjLczvLQ=","q9oajoyxWhyhlMmBtbxd0pMAH/fFoFp8DIpdlUIJZVE=","4yacxGeIC+JjWJXZj572xM/tnS9tMwonsYP5ky60feA=","lG6I2W1QmsBWgjY4am6jo9Ud7QwKz8mbdxtBUDUg8Uk=","UM6LcjnciGnPmShNgfeGJatVbf6EyJW3J+3+JAWC2L0=","shz/Q+O5sK1ZPh3SmA3sMl70f1F4AOu2sJdZDc2Ehuw=","LpZMSg2DB6ODhHGtUx94ZYMTicR6qtyIRkwoERYLnT4=","OH6KG7G2c1MKszmmWw69754iI28kGt08mvJakUveZhc=","nmQRkrSceB0ukHEqD+WFJznnEtGIFVxz2gO4ymrSN7s=","r3cIuF/l9ZiI04Qhv1dXcU3e1GQ8HuaR+XtiktVghrc=","t/2rUBk/sryWIVHRm18OpCzZ1sVcd1JlmgGHWfIpWQA=","CEdZhHz2lqQqNnQOc9ji6q3JiXtnAudYsu7B04+jvg4=","IFKmq3fqxGfdnFMCF5/w7t4vYKBBoR/nIvxF+R5St4Q=","ZcQyIBLyAHOxPBC47baYwI54ldAFD9KF3hUpWBSp/eg=","baboUYYfAiUeWTdJfLRv1TuoZ+HdHb+GrLJwljEPMic=","YSR7sg2P70Uv9rA9z2av/Ke+jZh29dpxTICb/lcjDrQ=","u8WAXZ5A2gb25kKIP5ceHqBajKKx7ig2sjk/psuhox0=","HhcGUKqoBSkxIjkSy0oUq6ja1l0lB48qaN6HUxEe6i4=","7IahhUcOZtz9dK8ng1loPsIuNzDEc/vAuOLk5En6CB0=","GORhe8rTshlL/Lvwz+x8hTAekupHoFU4JY5XAgTt83k=","nRbuDFVLfL3ebf7pbnGq235+tcNdhfxCpsM4y+oOxxo=","gFjcpUZoDmblAu4IthzItdBR1gdp0WoYiw5vGX5KLS8=","FtFteyok8CB0XznWFThkkm1GzPineKk/snfKBp8JiIo=","SekUP/mL7sdNOKtWHIG0wXYiaRFzlPNusCUaMHWSkRs=","19SD8BMpPvoWaewsEoYEQ5m+FFU4DPzzwZz3s46Gf/U=","MpLrBwoFixgo641vtmB6NrDwDi9QVypQqa0k0k0p0ww=","nUqVB6mUzP99defRq+KJwJwJC2CYgpD2B0GlTjzuWcw=","r6YtGU9pk+OF+MibDplkhbUFqVaQlmWDI2wdILqZyK0=","DTn1GOEa2tbP3PgwPFMfjwNv4QUQTfTbhbvPMDp4xuU=","qyhfyYbXPY7S2HDgcfyCshGA7DcT27ZzmFsefaHm7KI=","hXPc9SGftqGqA/l6CdVuvktSq+3SfoSuKb8YNnWZz+c=","Dx8V196vjpvgkCWU5bx1zUG375dL2R9keV4TCDXIG1A=","lmR10H+QXVXP77nPBiK8hyv5ON0UrvBOc3TIUGn6zyU=","OkMvjXk7W7Dhs3Fd91WUEiylpgNyslWx8u6EIAB8Y04=","qllS0zz1FZ209MaHEpcSb5XCxO23rnjLhZlMKa/m/PA=","ERFl8feT3nyKBZSNzntRmFbBWgpdj/creRSb9zuzABc=","hOkjJylbo+b8XndjygKdw93yhBMrrLGS5fA/aAUjPWM=","QmDPio+iPRdztoEZyUVBFJGinFtfZUWp0R20Z5eB/Vs=","4Eci1ZNvZJ6DocMGv2yMxH8urqjM4foysYIvKYOLuu8=","g9NEiIM55eK/TKBiYc8ckuW5e+y5lBM4+p9gRx9NYBE=","0rHNqMRLylZ4E+aa+YCEIa2KUOtwP7ytszL68j8oe3g=","qEzKzwbeqsYHYuq6bELwLoe62fm/7W927Z1tMe+NokI=","ysLjcBlq4ATTHQLWsinlWZzur0Y79rIr4U9hDn2GNnI=","ZteWxNlaZez1zBll80egA5hxeeNnQDYDvUtwIngcHEY=","ZvwNsAS/nya/RzsLBlFzSb/thOzVHRvg3ryQsobMQq4=","CjTHtMHuuHSe4xSOoNoeRiJiKaGdUJWnBeJ6C4+w5II=","RYOLL2vSGZcEjfOn+PcMnClh6Cos5/QJ+5H0vQRGHGk=","yIggG3cKbqohenbSAPdYehnYgok4SkxneWb/vaWBW1E=","XYNYAo1qtsET57g/wBiHuhWDXbXxUVsCgfnkAH8xZY4=","bpd3HODnF7OiVEVLUXN4r6QLwcETugXgsA7xJrDBvIk=","1TtdPcKKNxpV5wnMMimWS3sKZxhfjphnuotNWgyhghY=","tzOJ/6vJmwGZ6lNv9Hme7dnorKHHajB8awJBp2TkBkQ=","Ch7dwBA8wsnd7hi/ilXCrz4Dp7QzbPL/xsUpLY1xe2g=","CsXLDQVmu1FZxWF6mRJFNl0LWO5BVCiJ+3t3Za+Q18E=","2+9Al6f4yPj67m6UXBd/YggIA7AmuX8hUkJrAVOKJsc=","ajp+Lm/ajlvZHCHzWCQdczb+7UTXQxGXR42/vBRurto=","Ked51Ccc+bqIhVabTjgQ5pAAbMTOLlPIIUdevjpU2M0=","DKyCPtYQXBU+rSyCVbWgtIIujJW5lk7lgoMFgJdzK2s=","LaHDBCTEFQyE81n9QwWOf4c84YucryUHjyA9/+Z0lho=","mjLPZX7o15MdaTKHnQR774XwPx+5VqQuyjG/FJ1Jisc=","ta33IpXBso15Q2O1OG8l+i8p3e+8HgReob1TxG00H6k=","QC7asqKv4yBFwVqqMjjLS0mhHDVZn0xoqwDrOmJmEYc=","v4Z/QkT1XDZ+wUVEIiR9S0UeTPoKocdJDLpLGjn54Ss=","N9dq+tEHzYFMNdRBtX80lDIYgFmBBs4D8Az6YdRTChw=","d29JLCLnG0PX8pm3CuxAQk29pL4uO6B2jnDS1rKN++s=","DZ2nyBcC6vWo/aubiCf0STr0zj2IVhyJCPEOZ2t/gSI=","BYyAO4Bp/HE62ACYCoz8oWXQ8k9DYdbRH723wCksgIw=","884pdJIBqljDOMNV/pA5pQwkamyAGDoSnNiDjr2+104=","5CVVVV81DtRkTxRZO9ojeaVHUGyinWbWoyV+b2A27+A=","gtnK5Cb14ao5LURp1uwNYvexPNDIKeVrAnstVoibeRk=","fVYANNLSbuhBCc5Tiiu88k9NlvJXR0OUH11vr1bgXyM=","sutJHu9M0sV+sL6UiveK7mbT5n7Zm3XVVux4qU3rxZY=","vmuWsCzzb1od6jVD+TEUmJoMPsxyjU7t3aRyy3W+MzM=","5bTCJfwBwknaMkw8NHXsT7hoPfkSR96DN7kTArmGeGU=","fH4p1Ze7bAjMqdpctLUIBXlB2ue5twy37vJyszq3GVw=","eJ0xyrmQA8PpJ3iCs7F+3vWo5/klIRMrA9WFIMrGcGs=","OG5ztAIHM9eyGmwzWJLSoXc0AZ80/KajKte4FWlEHHE=","DOawBAldutcEycZF9QGHd8d2thl6cONWcAqVIh1QVSA=","+lnq4Vrho9womCz3ydwR4laZHaxlyMy9kL8qY3nHfBU=","+uRMR6RRpLAX4au77vmHoER9ce8R5D88pPFT0E6CuNs=","dovh4Malz5nw6XEn5CzQj2+MH9WDKo1VveliXCsA6JI=","pvclgAbeLE6WY37oHSqXk4HgeLtDv3qFc3/ApOC+Bxw=","AOKsIKQ4ElyXdKdmeNhKpTGNMJWUhCOpiLj/pYya8X0=","thIwYpJem4e/xnkacDpCQBXiUrtlkQ8AoTJPFRfbL34=","8b0BqGtdD8o8wCmJ/ryfIrrR84VU+CYFnjuq32EOANI=","E/ZjuAwxspIs0nU5YmewbgVCCwJbsXSEAHACMXEiAAo=","hssldAyvoIMZcVzfAxdB4kiXeNNIjhLgNrRPxCrvZAQ=","t3uhlNkte0jpJahnvrp/wAJVdtjv3cUmKWzkFvOqyYw=","Sj8wFixUWi2jtl1OdBaZEAyskdg0CBfUa7MwQ0xPkZU=","sEOsHNuKQZi7yqL7MZFyPvYbEgl9M8Q7wbXFVIq5WZw=","POOotVWCDFFkp1FucdRlaOLFDAaNuCZBZASjrMBEPY0=","MxGz8b/KvqoBoiyYvHKEyoKGtsZzwCaPYatoimFeVwk=","9kHfGVNkecZfJG5bN74fRRDuB+mJuYfTwViW9X4IiAM=","fv5ubc9WviKKZ1KLN0IKX9p1JQLL8TI25Tp7RPdEANg=","H7IraO32bpQvLbmPszbuGj79XIzxUNr30y4QJdrgpHk=","+cYlOdZmGKQKjsrzrmR/jgTEdSc3xWp58CuD1XK8wfg=","l7dbbBR98pCKUedzpYN5jCmf2Z2BEoscEaF8exV11mM=","zRitBlt6PGMDK/ovkbtYyNCuzlC2yon8jBxi9NMeOGk=","Iv8F7I84ICh8Z1KhJLD+A0f9zBjoF9T9mkt8dArBLHQ=","i/LNNk7bvo5qO3LxJnhrha+ZF00D7H3VLq5xu86NQas=","xkj51DyXjckKOhMY3jQNkbI8ISWjlcfRow6V8hoH08o=","5fZAgM3zINiw0kIkc8rY4kAj9KRnsqDMvlKzeWoEaTY=","2h1yfgUh8bMle3VN9mxbvpKnwclvQBoPy+11vbm3A/c=","Byqa//C8X2kygtSxg3IxtOdy5QZJxUafRojQPEd1XxQ=","/R+Fr49x1mP89CBuoWc7ySt/oeYZc9pWRDN46AifXFY=","5/eH20WSw3OoiLgfsgZvwoafArO94oALePXu2tA3LjQ=","YyVEYpurexGg4tfb5zuCzSpZZ3BY1822kFk1nJkMHuc=","te2efOLuX7UDB8k6Genh8mZ/5m3wAmd4oBnk4NwxkfQ=","R4Z1BUJcPqFyCDV/U0gyTlyAw1T3yp9NRr4d9wIskAc=","yJz/T7Xj4t9ASXs3XU9LGUZVrEfJhTel7eAbp0IY1XM=","IyJTPyjY8b9sNM9SFDqjMuiUGQdq60aDnlc1vXFVdOM=","LDhkvqSWB5x+855LoDAnzipSJGsIC2VmkpHXZLArL1c=","DFocc81bltpeoebX8LapJ288fqrYlGlzjlHbB76EoE0=","ik0Es8H6rYz7auCQ4k8NCvMlS60887MUIvAbWSLjDzc=","cFBgmdFHjBLMzYxVyn4KwXx3s91WKV8ni55lhg7PHcI=","LRDz8Go2CllDSx2iz0kvtLLbyee6bBA+3cS0PwNOLD8=","VS0V9/PWZHNVIpTUbb86bQVR26EQe7+mK0Q5FFGvvdI=","O9KTGckt1Yh2ubjbQaroNnaaBkUvHIqNAFhoFA5RbOY=","VttRSeBUfYP5cqR//qK8fmgVr5ThQ8vg9c37Wt1nW8k=","IU3sDCAy03PmE4mDV85KsZNfX4oSkiKNlJ18pft+LPo=","StqBa/Q4tJy/baEr8+sbwsLHv+zTzg16wxj9peWEpiI=","8YWYd4TQ0kyG464G2cN4ZnXVBNYnAXA+Fjz0Lqgwxyk=","gLgc33DMeKPxsypMFb1tjDcpLgp8s7r72UaZ8qrteTM=","oP7xDuhQeygiFAWPn7sREBdLzI8inpMfJjgswy17cAw=","25GBXZ2thZwrNjZm/gQ1AhqLIyYQkV0c9nv9gh1wrtQ=","F2dIh/rUw/g+NO9d8U/pAaZSwXk98Ou/+wl/U5Cj68Y=","jYDmsHX8+qjtPm6xICOATTJczNDZFgW9mcX+ODm6y7Q=","g7jtLGsVFmcowDcpTMxvS8Nh+t7MSG++TEQgBNgVuNA=","1YBGmG0Re89AKs4m5ioGY1vT0nL5oWMG9Kz5Qy8bIGg=","H0bLRoNRbizZyPt4giKuKV4PSKahZ93kncadnuZPgp4=","ryR7nw2dAJo0hjXOa5KNwtNYGgDAdkAO0J1UKqtVT9Q=","3k+bkyZqCEo2DzUDqRo6mxD8/jXDG/xe1vcR4MBrLr4=","UX6cfG5hZ0oHU2Dgs1hbZt0fAd9Lo5qqRSL3o39lnbg=","14i/MhL94XdNQaBE6gOnO7dWPaYGeCALsSiFE3dAXjI=","KAIwgsufDkBOxNFm2GUVpMElrJteXWsVIRJj0cs0Mpg=","3NkiqrcDN5FnHv/nkILZEe/LzVA1xLU5+ZtDoqptvrc=","BUUMWeZ5TVTQUWC16G5O6oCRp57ADcBwDXBGRBHdnno=","sGgOgkkD2i7eCoEDR/5Y2RUK/IzZve5m9RiCjaNSqg0=","n4lKZFMOgqs9QUMyFvVYRRX0RtY0JgpK3jV0PvX7Pjo=","xO5/l9p+ac298aAcJ2aH63y2VYKHMVy+YiIMe7Sw4Uo=","dg+lMKdXGMYFLKz0GnN3WblTo4xIM4t1EI2A/D+ahPw=","w9mPq4W0ZzBi5bCljYON8ebZg+9ZIw2jokTRa49eBKc=","syXsq45SrihHxSO5lVTtHkI8lCGrJXXBJ0PFJgIQFok=","HBKSM4yt/ilW/gGJp58IL6aRsyOETGZMA9QmFK6fkYc=","4L0dbdWHTUc5+Dy+rRnlIX85z/aFv4s0P7+HbC2bb5o=","xPK+tpxIE660fOIaImq0uLh3GMmvuzMDswlxnFX6tyQ=","l4vLadYnNFEvbI2iZHmrJMMInszOI8hYWjeqWbt0IQk=","12IAINN+yySkKAQLrQVMSgdeLCfkpMsx6dy53pdM8rI=","x7Afkduqm/DutJNU7h0A+Sd6M4b2ieIuoKvJtYQARqE=","8hc0OPFYnt3s9laS1+E384Pet9phvaujBw1yes9gTeA=","0FOyx4491fm2fEGfSTdrRXL6H+cXWAlE5Fju0COD/6w=","C2jQnjqyiKuLLdQMUbNo/wbbL+qmu9XDAgxgeSlwels=","AM0lYjLL0+XYcC02r3qliJKV9T1JnRIqR46p7ejJOVg=","L5+d+ED+oQiYPVLSOfLByt4h8ve065RmxGEaSYBPWCs=","pJtT+wipWOTOSZkLMn3JgpihlWHTfZnlJGi0HAcwSAA=","90YohC7g/0SWeztwu9w+wk9wRRXjHiXNKxFXnNFEl0Q=","5mTkW/gkVgHsy3PanOC3hGX0guM1zfQbI3H5MY6+UlU=","T8dZj7AMQsSDv+63rPwiVUQfDa9BzDCYK5IGyHCspFk=","VIWgd3pD0PURGQNJ00fFNBpoFMyQ4mp0FwpLX814fc4=","oHKsj4djZBXSuKLkr8Pk8U2GA8r9qkE+TRguRzG/MT8=","PKo3Fm8BhXZEE34hWu45+5lUrZ6Cqm34bp98ar2qh4o=","uGXVF0Q1Edq6lBPD3LqM/wT8VE69c9I1mnL+//xabJI=","ca8ckKPl4AV3iNfN/Q+IpJR5viWd2nRRlVeHuUgbPAE=","SPNpikuc2HXT5yaSX2075XYvP/htOM9vMHh0cnGkt28=","nEJiJKRimGlmHrr28hHRg+UOGxZKsNY79kMDxt41QMQ=","ghLcMfHmuRmEDRVMA18tGZRLyUbRA2IXUYEqWvu26J4=","nWl3k4iaYgRFcdgc+dLsHGlxljdXu8I56HT7iFlL51I=","eTF1xw5h4iqr8yA5L1NYNzGpRgSOB7KLZdhcbEW9OcM=","QnBGd/5XxiBv2vytg4Kg9PmNpyaR2nGm2MphioTR9nk=","n2fbyG/sifzWoIWhP7h9kNXawPzxvNvyKafqr/xENx4=","AbgTg6UOq8xmlNP59mpTmtO4nCiEIa3BREWg3kx0gZA=","0xuCLBpymAoVbzpWJvjnbXs2+Fa/ku9wg7iX8qQaYvU=","kDVCu2Fy3WQr2f1NT7Z/3rarOVk1Q7USvOPI7X0yegw=","7hYbYI0l+VqZqT6aw2+qb0BMbIVKVX54mUIw+YuQexw=","EuWr8B2sAOecJlQgz7408L7yOg1O2TAbw/dDWXiaDT0=","7ANRD+oBnWD7Cy6ojH3De+0C3c14rO834+d463uW5e8=","9YOThxA32cczwTIUNnptBz/h6GUN5pAJyYiWhFLhB0s=","2cH2CSosBQGtYI6rA1OJaZobSWaSnizUDWVwgR/Yx0I=","RVCeDsVyN6rEO8A+KF0txJMUpCE5TmTWsBpJFv3ht/Q=","kznfVCDW06ZTPvVMYx10reA43lANDd2NuVuAAYJXe/c=","/vFenmAVcEaMjCRrf1w6ZxU1Qz+ibs33eGHbDHe03PI=","nqTlwNVO/kQjmuTBpFniyGWtjeMPbcjO7+kq8DzSb+w=","IHBAHt3B/pHPyzjz0twqb9Je6WLBweDu5XOHcT1mluc=","PxUob7IPM6iZNtzqTsxyXhzL6q5z87CofayyYAkzfU0=","As6zlkOshe7wHp9uY56EYK7NBfWydHnxpUZk82XfQp8=","B/rxdODDg8/+HZ/lxySC8wf2LuUDMGOpGChJf2eARu8=","33aPGn2sS80FbyarxM6vIy7j/4bwZ/fNHYLetqknkrY=","wi+cniC5Flx4F2rtIiazhItjfiUH0zGiaa2dgxNyMR0=","juSkoqHobkz7hdMT5wVfnCcZ9CTZkK5aiHIR06CjnnM=","Ovgfh3FlG+zzAtderDGX3RQ+xZV1yyXjT0FgThWVobs=","pE6E0CaLNGMVGS9OTcD0miVduJsBukCi03hCulDGoEY=","Bl1tix3j2zZYN9UsUblXwv1jjmIFAD3UA75ERSDDwhw=","qsxuNK6vnmeXoYxA52gH6NNS+O4ZNqlQblhv6QO5kls=","vqM/HqX724RZ+eAamvhQQTtBOAtHuxvQD2RHs1h390g=","h/nks+c01cUnANj7KCzCrhRmMv67A3z1Q+nYvOBNO9Y=","76e0N36x1IUrECmAJdmtiUCl3VPFDIu0HcGRF05PF0o=","wDpo2CNnOaJO+J4plvS2PiEuiGX/edqzKm0IdCIc3ho=","rv3lgI/W4331SqMPKTqPrABQRtQaqNi/wPyZ/+vh/1s=","/jiZG5RwlAEYzZiDINwYX96fBnmiN7Zd6+lqDd+gywE=","HJBXRPxX/bN0d7ztl3HK6UOnTAdNFxC1e2KF4Wg1F4E=","zQSXfWI6S/ucRbxQPCWvFfqvtR9P1wkfoiPesv75ufI=","Ao7anoNuUvdPMWz5mgS2U0KcfqhjonJopWfjV+HLGpQ=","urdnXMBuKOTvL0QRAUGBaKsTqX0VRrmxLfHvT8u3XDo=","9sFjDpymOQe2LElZdbqGuifr6gx4KUBqNVuZ82QbomQ=","JDtuN8s0wGhG8hDVD7KuDd8MmoI7FPTEpL3zO+pdA0Q=","PZ4FbRECks5lfmLFBG94YoWABH4kZYFE8L8W/nGZIac=","VNjhW9V44dpe+Yxs9nliXzCuIgSwLsKOTqBJ6cwmFVQ=","JTbgQ7YG7A0rcrBxJxEBFf9z9dNSXWldxh9iI3xDhSQ=","+2WX2xTg3j6AMtS09wDWpgnNmjegpfP2qMl8uuk6JVE=","bodGcbnbVagL5qE3IeXi9v+lykNTST1gyqhgxSikBJY=","4oOfmDZRktPC+0Z07SrTMt3TwO+gSIrP1AScQrHqI54=","O5hwtvO3eNsoekFwbLdobjJi5bEAi4BacW90POPwhPI=","LbmAQrFxsWe6+YG+sMVe0t5LnWU1Tp4cyZWBmp3tSzo=","cFsEaRoGV7KAN1ydADAqhi7e6Uf1h1VxdUlqt8rBeLY=","k7yVnhV3CBIyVDF1xFRjZ53dO4uxpY7ENaPgh1uRgBo=","FExJwDGG6awHA4jq4EbrApJZUe77xllm+UiWeBfiLDo=","yTkIvv8TnxIZQ9b65VGhbhM8/BRS/BfEVRbYJVTp0sU=","00YZd7CJi32AdgITxSvgU5ltLxTMIsrHArYZgXfHDhA=","KifvKUksXBisrbnxQuR8ryKHusY/TjdFRBL00gsvdtE=","6ymy/jZ+Gpc7Jp162r7k/5GAfLGiz65jzqmHtMpo2mA=","y9oaMTMmhHvbwgW2YtbS5VLdNAPeiP1puc6fpKs7KNw=","akbih/kFwdzBmWdAa4nBxO44y1wC3u0a4VeOaasFhMY=","YpArTSA27Ws0FYrEgnuZwUfe3knPUUHrTp/PSgX9wBM=","alpL8XkD1SPMIz8KZhqBK/VXTXcrV5ZtRZ5r+0X26gQ=","Wq3P7WRFNwrSfKz6j7iR8P53KZO6lLWFAVOhbiyojBM=","G08hAZxX8eT1iMkcHF8x9I/T0JqptAlOnXr+m5Voksc=","pn1ODU/EvMOP0rjO9zmXuizBPN8SYWKxEwaLjXxhEkk=","WkJPz7mEI6bbTpm+I/1DaOprpTBv10VB+mUxYXXNxY8=","wHly9g/dQWSDrj4uMyrlc0TEwZg+nic4SezgrjcvcAM=","hDm/HOeax1nmnlmNlyBie3X2APpxHtpL7UUpOHhx/pA=","09KxyID7cLLmEV4b+pkk3e4fl0xKMc22R//cR7f5pzU=","V2uhcsCoTOE+HH3EXjMta3fKqGxDKPmm7JkoNQsWsMk=","HWH4Zr3EkN8K1QojiZJnTCCA8r365UYtbHvyVHN1znA=","1bVtylSa+DJVzSAKydtjmWqGR2uqh6AsoVtzx7m+yMQ=","46adNZFgU2FsST2jKDSlk51fsJ9nftlQhHhoAh22v04=","p5Sw8bRqz0te330qgG9GvDxkEhww0S1GCBO2kA74hWI=","Om1jGWtkwfCYkxKjg7LT4PdBlNvVUCa2D9METaW0t/4=","XGtx3T9iAVTbts4Yay1AvBbaQOm2fKUHpMMW4sA86EE=","d8ydXqrTd1UCfOVgGtqqlqpb8hz03jClgZLN7WTAmEQ=","x6BLqgOHiYdLs0tA+kdBYaNMQAZVtXaXc7CbofqiisE=","niUcqhvv1Aveq0Ln+NwalUofcYeRI+a8iY1Pd5Q2GZI=","fMBoOXGGxqxwabzttnoDFuCC1UI/8bgGUi+AbecynpE=","owFtSKPwrUw/DEB1nWd9sxEo62Qw4uRHQTp4/QLassg=","aE2Kdz03vYF2ofhxSwDD8mZDCaKhB/gJh9nOIXtL+bQ=","sS67mwR+PECH3NjpJ7UoJARk5q8vL5ldk66CI21NR0w=","X2/ZK3TfWnfwhmbw9N9AM4F9ezvt+Imjp28hwfkQt1g=","QOefnBVUD4MMfSnGvwK5BKNbJCpDTiDZvPphgtRonJw=","AtMu6eMqawmhx6a1iAHl15lKSZSfml/mkP37CLkIhoM=","Mj3kkMNNrqrUtnb2SLBAF+eyDrSvl8o2r6d4DeXHIXE=","O0DmTwJhvxNo6sn+/EvQkXA46V2l94/fhbE7+rIaypQ=","6BJ41PdMb9fvSsP1mv330I+/yKOr7ypuyWWqSYEALZU=","tX1dBYFiFGQe1yIQoXU/riy0cfyxFsGFQkxJDpKBAkY=","N8oNqzLHtNLrQzy4/jO8DmtIrnr2yb2F0YgRsW08RV4=","CtinTEcmnfIsN8gOUNW406B2B+XUKfL1GZwRjSElDHE=","CNulW/FhIGvt9eTntcG9ngPmv8ElJLBCxcxBtWsAL14=","4RWkG9LioPNmk5n5V/29Ins3jvDaLQA7VZm+6Z1uBG8=","NLhIBps1EY8bLko3kJBhhz41vAd8fLO0zLm7tdtucz0=","krEOSKc/d3HW8gq2nHnkMxb1m24XrCSttHhLaNBqh6U=","yhiZMDUt+C2F6QvJjGTGIaF2nlA9x77L9H/vrJQ8pOc=","/wAypWv1FMVTRUUhv1L3sauXipVyjGKK7VbwMmLaznY=","tq6TMCKgnBebhaBzFDMky/XGW6P/mcMc2ZqJJKlU2RE=","bnKceJ0ooTCRucHu6EpGWo2L/+0akwRfpvfDhbzwERM=","h+SHv9DKQXC143iU0mSdrGxYvLW5LhW1huaZQ2F//xc=","4jyVDF7GUb541teLrIgm2CVjJcDnDb1cilq8+euE4Gk=","h3D6/ZQ32K0TfIkqU4Q+I7lPiy2s65U2SOrnslTGExg=","/79894pxH626hsLrlhyatTtaWliDkxZEyPRVZt/ZPy0=","sbADuywooHLd/569ieJur6tVOQda7+tTqxMxgAHOJu8=","p9QPUBNb16+oGpphGJxlvOfXpm//o7YzjUirRKfv+fA=","eGOCc6R22yo/T1B5PEE2Gq7MpdVxE09rxJFF8KEM6f8=","H5ETF983O+mDuNn4SCPnf/R6UKPHBKkxLjVQRB1SFbI=","PoLFvKfOi5UY19zkeoJYlnOIcO/4NbWU5/m7iOpuYNw=","mll2cyz9sEVFJKZVND+gNbmuC1Mo6qU6xXPffWv5jHc=","+/AURAK6XATDtd7PZa7V654vLzcVVMFyZQC3V2Qpbdw=","I8hkHMn23Lp78EN8PNQoQCy/I+ytWXP3kdk2UZzuPbw=","AC68tY7VgBru2IVNtTRr8jQmZpx9PaR+hqutXJZjztk=","pa1KgftzwE+VzawVESGgyYauI4e02+NorcXPqiprLZw=","t7XZN0Y1oqRbHr2/gvYuiwzcAwsg78LHEVRAZ6xMtFQ=","gWUxTvXe77S79Yql4efnwkEcGow3PXyIVyzgaGsbtO4=","q5jguR/jxeBlESNqSgBxG02qqFADJaQQHwd6gkREiT4=","qoQ5FKDPXCw0QHS9cUjXu9pwk8i9jlpnJ1RNCHoAUCY=","uS+XrQCcXbeaMxyOMoljJKBTytnQ248sKCtrn8KqmCg=","k3RF6fb+40+J/XxxHNsMlw3ekHvixT0OnX1yZx00AQ8=","mPuQxdZTUbEAjDuXtYrNJHpEFIqBdYOvV7XPlisM/4E=","OkBxgkXYf/ob2A1DOCYTGIZ51a4xEFzKU7jvEHhTxMA=","OWTsA3fcRYlFinKLUMVwXg6KTEg8va2fJfZEY9ztgQE=","STzMlPDJV6dHuoGC9AvaCTUW27DR+M1jPhJ6YK8wYuI=","AnSkmaXAtkA9od7erwdN+0k1jNOzq3heTuRbYdxzZNg=","urwa1Vqub7ynDuzGFxjhhiQVEfhy2AIMSibBYyaG5kY=","7GE3lvle4vUA7cm6a3M5Nn7GWn7jAb8Ucq5+z5mZqOs=","octw18prLKEBlMgtciIzYZVuxZ353vlUXpNwjG1kPjA=","PbvOovbPJmPDyZdC/OJZudZC9WOhKDrq19M2K1+hLR0=","0Eqt5QuX7I5T1uqnD/FWfxPnFS8TiLFQzlU24jWQCCQ=","Za0G4R7NTU5GAYU9a/NCqsa/pELLZ/D5jP2c7Plj/cM=","LNK6oHtTOFmlE/v5m81DRZat+DJG9cPi96TDHmFrBLQ=","CFe8tlm2j028oECBCjsjmpkMPsRgVsIIs6yJxslp/Bo=","mV2V3CGm2iAk6Eewp767l2bWTperkfEGjBFgBoxtvCU=","DNNG+b2ZPF9U3XVjQ8QaCf1cvSwWTQGUfTO6TWo7avA=","h3abcLcbRe+nUL6U2GUv6uRaR4rG9lPa54NIJnKP7v8=","FxzPGqoH/cNTwUzUEvus/5recgFGgiyUteuWtLbWCmY=","J71BjGPIwrKBGlP9VLUvTjAGiAPcJm0bmlIsXRCk1zI=","5LxaSnCjQxXgjHneer8O0dpTGeQSYFKB3ot6rnLG3l8=","BgXOKRfaC9ahZ2Fm7Nx34sUo49LG6q0KkNwumnsFhFQ=","lBDrMo5HofWYx0wNzIpBqtrWiw5ezi8//bgyeATgL4Y=","V0cdQk2piYvH6yOLuVetbEj3QyyTzt0Xkc8C9T6zmNE=","sCO0JGbTVnv9EKK01WUsiiOdnbw7ZLBA2RjWIx0rKBk=","prT/uAOjLILdGKFc2dIDqsC1EpykmyZgtV7wIbXR1MY=","oFrMzvcSCDcAQ+18pgZsv1oC9SjDloQlDKK03gZnf58=","SpEgJeyiMlqlQJuOebfuWvmxFUiQwSkUkJiCHfccjtU=","v/rhEz90mS0tNLiBlMDMXddQ3ROf86esK5nsWoD0ys4=","IhAtkyxFjD2Yu2sHciDjFehDltdkthroPnGOfmugfFM=","34L/tH+Xp4Bl8JmsZN2QXZ/AA4Vo2hPl9yrnDqPmzUk=","zBSI+NeeJ9g+UiftqtrlYBAKfTD7/aUXP+2oz748qmA=","KOXf5kw15EV8ucgF3YMzGzWj7qUKtz5lWiCSxniu5rI=","CiWITqvI0ahytS7fK+LmmfjSkQObsJY7r7KlZLqSXyk=","HwQHUt4yeF7DQWNHh2NkoVmP8T+sBMpIfAMsnflR3jI=","XkhiT6GN7tklNDVEXdMD4xcrBrbmQFrWmodC69WbE+c=","8ctIxL0nd2f/pzxuKv0ILmudn14rGbbgM2+Zt2FpqeE=","K4IrXKBotjRhgIJQCrYQBFk33plu8sKSa0kG6mKmJLY=","2R9HcNTvHm5dJrNC1cPD2nkhxVTA3X05gd8r7UXEGbY=","83hoRZOEAN+7WegLWNHrjlL7qtUfnPQOv0Vpev5VeT4=","82Q30tIq2AATEnNVhdwntzT3uD29r/pk3XSEUV4xfQc=","wBddJoOI1msmsahZ4MprS3yhie60rRlDI9GuHh4ZlNc=","FOTK4nxLbLxuBvp58LME0uH0INYgQpZPHNJ/qqJkduY=","mt/zpe+lsN8rBDuTqGC7kczVyPPNYwgC7rmxq3btoks=","+97gCPP8Wu9HAJOVWKG0+sYA8iBFXqPJEgpbNOGpLR4=","KyMkTH/HpNDU7jbjsylnfh9T1Jm3e9k57Yqrt3vN9rc=","TyrJo2Rm5f3AhHic8lkEnJlYHM0WFExy8yW2ho2BQIg=","w265WzM232xJOkf8YwvJ3DQtW/m6+H5wIFkJrO8Uxlc=","o1SF5osI0BP466TGz13KLzf2N8z31XVkVMDo/lWRWws=","xG0tPraky/AuQzfG75HCh73dJKjBvHgP3ICc9lACWXo=","q2dz6QubYTSwe8zzykJ7WDbqejlqOlhfM4MOCZf1mL4=","wA8NyINRmezKtEsQI5r1MGHGLW9OgxevW8kTwYoBydM=","gX25tNLeZYeY2iBhCFkarriMWDoEdYgpZq56p8JhvbQ=","q2HtHdxf5i/N+5Fanw/IiTsIS4fwmsg/FfjQBWhwbz4=","yWnltpRo3JhNo6vSczTahg34zaKRfIxgRXV6YCrygcE=","eMPmhva7K3RIJHf/Ry4G7b9bUnfie5EzQkah2vjafBY=","sQsAyTK5Kx/NKx8YVN54I25f2cPTvthMw2gnE0YWjP8=","mJn79ktnUG7iYdRRQsZNrk3HFGW/Kko5Nv642qzPpBc=","oQP6lnCQHFqVeRNQmmq4KC+QrtiyA6fLFkkPRbEd55c=","7cFHTy4MPFN+0Qbo1CVoGbNUpXI6uu9oQd4SV7f715Y=","csriUxcbz3mUiKPblnry4WI6D0JCTCJZKjaTPgbJJPo=","mSNpoeEOPU5HkFLlpJf0Qcbzi/lG+1miLEZvSmOwK2s=","gOdWO0N9oO4yWn5b1XrHszwggbEg/q3yIRbrUzi6LTg=","ZqxktXVrWE3JW73tKmBS3wvPuvptpx2UdOVx1G3bLRo=","Uci+8b1u0jKIwwAlSyw8tsvEaF8e6Qnpy0v8NSF46Ig=","ce5NTL2zw4QaefZ+Sw3ln5Pl6p12Sa7m9Jy1bKj1x68=","UiwWqnVWKF5yGZLKBDDG563gpRCP8uSRe/VickIqcZA=","Nq3qaYCJV7Vy7U8qMxZJr6Eu66kEXyq1xx6ZXsbC0cw=","3R52rvAhQrMvFoTGtzC2OSQNG3jROqv0m2xkZ9FDuoM=","3jyFX0JTz7aM09sltFj+DpiVYns+FwPNbjQETAT8uKg=","994uOQ6lphtZLavjWjxmv0KqzTAWwpdou9VGLesRlXk=","JkUQq3YItUwUuzPZ6ESihKjJe5zzcx/jFfz605Z2gaM=","7/NM1gYS9DfMuBuaRxv48B20np9+WAd0F/kya0Tkbiw=","MFXz1G1nruIeibTl8UNgDI/CMUnHju4euxgC7yl2Xhs=","0lohV2yLFoeIy9AV1RrB2C2ZapUPYqEt41/Nk8ArDwQ=","HTulhAEnOg1htoUquYWpDbYEHaqP8ay8sodOOxgXwz8=","7RgtkoCf8OsgPn0oRoxKC8mg4JxhgdGzWUH9wzlhdzQ=","pwDX8pu7U7a/ZN+H2N1WknEnq/fodXrYbG2i3e9rO04=","JKNEdbcoQZxSge8YhNcdE67q4nXRNMUuKW0Azp8gCi0=","m3RcjEbY0FHff1qXVZM4MEyfBKiRMeDMZRYLG4mzOj0=","p8TBKTTiXE9w4C2Nh4t8xUI0jOpn+6a3Bz7Tsr1dNKI=","dBKTfyRI/bYVGMvqV8wyOuxmSAK14mo2PuzwPvlwe90=","3MIUqhxEBMM+0JMHFVz0ErJiQSuqlULSVhowSP93xFk=","3vf9O00SOGtIsmTqLaSY4psdhvsS4ijTMsYIKuU+mUA=","7tx0viWXKw+cttn8TAvgmDtL5ax8DLwj4uz6kJo0GaE=","UjW+SiCCb/973GO8O2/5ci+nLaP/uUdawVr+75MkDEs=","GE+FMAfhMMymzAxGlyuQO+aHqKPYs6SyriP4tp55uDE=","tLQYF3qQ4EV8hDAgguhnVXHTpBWIfwzRtRUbJDmn89I=","iXrpqu1O8NcjPkmzQpuXfDz4WOWldnjlBYvHlKE0fdU=","nRvWaFtbDIsKinPXUjWor7g1lfGmBbzCBTOb6yG7wdE=","4pH/b3rjwtPY4m/jc9YPgeVHOj4UEUk3+/ZkMtReVeI=","xc+kfDzVp+8PaZT/BZNYSGyCn+tN+nAIK4NkAMWfi1k=","Jf/5eXT9nCIhiF0ZiWSM7RpNkz3yQnaeSJybGQDRdTo=","L8mIhTZinmAH6d6dcFzzo69xOQBup4+18e1FTtkwBVc=","JrPyf6S6xsjUWXt85dTUgTAZ17UpKb+sKYUVHYuZeHU=","X1a2E2bCx8+yyQsIABmZthJz/KwdBA+fHfquYyO0NH0=","2+CLskLvesRzyWPvPiNq/jkOlvBsn+feXFDYZtOd+2M=","FYD7BeOVrace9aa3SRUc63/WOveICOaSLhZQ7YNVJxs=","E4fCuCQOEO6+PN/+B9xDbY/p60kXsgqFqVzZDBGBEF4=","oJKYgXZg+OcEqAKDdWuXsMCNHbeoazjfHAIjiZfKcRo=","/o0hJKgTylqHgqmYBwq3rdhx1O68xNgcS7eLssJ93GI=","PAttRQpYqOjw3/jkL2xLgqz614UFT4zWUFbMQX6d1cI=","6EGXJXJvrjAY2n1gAFc4K1FAapHAODMfFAAHVn4tT0U=","+J7P8PMnjx6Egq/LDhg6Xax5i/QAm1lRlEUM5qb/xZ0=","iQhRWUfQ33m61NZgp9Onng5V0pdAlv6iJb13XoVHGkc=","bAKy1/GiPC8XXyGPvWUFbUMSQDkElvfYniV9UEHLWUU=","bIGXyzp3i3f+AkcPyZyQfR+E4YQS721MjW28tCbTWJs=","BExnQZNLr8ApMOicigASVZdtuqb0vr+jqDltmSgy5yc=","/7L2bC7rp/YhufkcHMjkW+iBKAi0mK94rqb6+35GPn0=","shQbCQlQ00Ti+Jq5aaSaeA7eH/nqyHUOWwfX2REozyo=","SPC7i2uS/aX6LXJsBiKQ0tghP8iD03Adqc4lYxEpzGE=","Tmg8+VEpbSp1Lugqx+5FDiiPjTntalk/67V7JEV7uZ0=","1jQa0hXMFJGdKwm23rjK4gOvcJYQOu/rTYoT2vZicIc=","WCWGXKA7VBAcHFYrIa6FGsgc6k0gFo4kq5y0TCvFvN0=","xtIsNPjR0oVGxLJ2LmvDHPD3QcBY16GiAA4Lu4UruN4=","0xOuDtVhMHps3XzIN8H3BpwvtlusoAN2qHG3xQQP6/k=","iTXffw5i8LH0pZ1soqd2Ng214isjvDpd1+cND93PC0Y=","7l/PBtHpKrY2uPSxXgtL6uVNRGt9voKzYsa9JeD0iS4=","UJ45n2lvQ4xiKGmlkSdZUkMUmECcpmqLjPWxYE4zoNk=","ofAp9hcNmubRd5yPrR7dT3uZwWbPTPiJsQk29ljpaa4=","0hqDjG3DRcOFrLHBnna3SBSM4NEs1hs4khkoN/sgKiQ=","PkaJLw+87yQHVpq7LXJ5EHxnW3ZxR6TR0PP0pzdABig=","b1SyrAzzLNGqHzFbmPTLGgR4JA3ManBhqxRGmtKr6i0=","SuuGijyjaQUgjszpDOq289CjR6mK61JsECoXQoIwiuQ=","Yt3GbK9oZkz360uWEFq9DrI9jpw+mtUeMTnLghH1WGU=","V4EdEf8WAzIfHefLVaKLZyTpneJPg5lb4koaYW1ca4Y=","FIa0plnn/e3c0pHKNptwti7R8ttTMGnmg1YznSX5EWE=","M8QF0LlyRdQYDMah0OyJ4PEqib/FPwiu1MczLnggdTQ=","fp2DNpeu8HZ/WMDJdpC6imcXBMtmBnih0vPSiNvpMI0=","4V3+SyAqzo+R/YU21LDl/R3jmZuVN8v4VVEM8GxcXBU=","utJJESUmtLuIkbt5JiOB9m2N+qiyRfFM6JpBjyH+IGI=","kPF8Aat9jdPdb8+U1SYKmcJ1nLO873jes9YImbWyEy8=","jgSi83XqbGphUORMU5n0WoZOQGnOP3NZtBsJPEnLCZs=","XHdf31ngI6gReHJEODWaR+tHla182c1qG6Tgex83bkI=","oFzwyMYpxJDyy9AoPa7kPj18jMcxxSFaJGZx3Vw4dNw=","BNKuFQP8uFvVWNaQzD/JaChA/P3Q5G2YvPvpKgEs51o=","MC2j3N0GbF/F8aV+HaBcfXnWukqJfMe8NgsNdGaUSaQ=","nuTOlpHOVBB7V9rxr3R3ztrn9FPqnfP/iqGpwbN71Gc=","iXYfiCQBkzojokH+PoMVLMN/NK0OH2E/xiwZnEVlNNY=","cEAlop1UmZmvyPzPWrg3pG8WgV4wpt5ETs+O9v54blk=","PUtxpTHV+ihE8LPDDbVStx2ZsyCQt8Ij+IgXR7yqafo=","hQg/0FSKkvvisZsN1XnT8v9DV8jHwKwdreDnjUgVLK4=","aDAgV+27piJyHfEP+kdZRmmVR61kt71RSHjeqr1Pz6M=","uBFousEwuZ5CJoAnhNlY61cq27DIvqR7hSQAAoQUH6Q=","JFML1QxX7pTZ5MwX4NUmntfq60tJQbmOuEzoSx6JXek=","28Lp9AjMNMIM23Q5J88rVOJ2mL/giUBgj1OMbgWqAEo=","cO3W2ZZLS7d2hqmiBeCLKK3l4J0XE55QsQOccDcfqRo=","o+8UPmgcNKXQ8o1Ujc26LS1/lsLLzcCLsQiPKWMT2eg=","xzlQf/W6QwvN6oNm1HtxWM8pTwIzU5hbQgTziqeRqrQ=","MG9cIsg7P+h32UYgsCbHjPCTnwfQ9aj+m3Aycnt4eUk=","kHHmIaj8xu5c9cVou76+q2tMOL+mCSyYEGxH9pUIuaM=","cE0+SZWh/6t9HsO34MmMsSvYuQDltDYyIlbMDb/NcZg=","6Xb8w1ZBag0wAoM12ihXTFLCgdjnLeLCGoD+i0em3xQ=","TLxc/PrTrbMjc3kZtAWfSX0bW+WhVfgxhPQMd8ITcgY="],"block_size":4096,"path":"js/content.js.map"},{"block_hashes":["Oi3+XLAz0x3OCfpGqltQx5yaJQFz0x9lPsaC8Brc5BM=","6CUHFKKUQgiOy12zMccB6Ua+wvZVF9pmq1f94u1AMqk=","zag7Uc2PJn8fIHC4VPDTi6D+5qcNKqYnv0YZZsAUVdo=","HL9qP/ERwbw3X/v4hWz6FrWa6yGkAEBS/bh9rAC6YhE=","6KxH7nlrfogIKBas+1JnvmJFd/tO8voJJmxltfKLMTw=","hYMpFnLI4nc3kFI1JrDxDR8+8VBF5MbtLBFeCWf6bb0="],"block_size":4096,"path":"lib/gif.js"},{"block_hashes":["vajzZlesV+QMFehfXNaXm+vqZTyHhCg/l1VrG8a7iTs=","vLQEXVdf0GUMmONUYOwOe5CWrd0DwCM9l0pWTGq3lp4=","SOsxdo0lPP/7s812703PjWyOK9lFYsxj8SkThbNvA84=","PhK07gpvrt+XtA3QZDLXNwdQVEZNR2BtGiPeRc1wZ9U=","BjuBq9OIIzIHMAjS9YmKg/mpdFCmKAu/EJEMGBH2KKk=","FnLQgd55UPiO1Q9gmRyDaYBaKTJTonVn9MztCDd00WI=","bCyexJYy73/Jv2ibdRBILH7Q3h1DnmvpT+fcv2SEV/8=","KAxqRQRISIx+eEmUSUINLIGwb0eOZOJ26RKlQytlIsU="],"block_size":4096,"path":"lib/gif.worker.js"},{"block_hashes":["/QvDifXC7L+zU4cUYoHFtgVT6MJ4Z2qXEZly8q2c6qA=","hpSwf8LAZ/AqJqxNxJOHJuOQ6CF4xH/UaMhrmgW7gIk=","LyM41YPCe82LZwo/E9AtcdXA+dzl/jUNVnixXQJCa+E=","EcHS41biIXNmmuYLBzS/Z1AUFBoR+VogJW1xAv8uUIU=","VQ/Akmxv8tMATCfGBAGq8nk3Q866n7+04YjhNODa+rU="],"block_size":4096,"path":"lib/iconfont.js"},{"block_hashes":["lVc8ZzW1mdzyS+ItiIcEx/fbji0WcmT3Dp1pUCALYRI=","hX8W0dmbjOuIGWV2uF73mOkOnn47lpu0otH+qTzLrl0=","kbNeZV72rccuq0vIbuMJCIBblJU8miaPl83GFNr55Q4=","NAESA53nExCy0Ax/e81Fouocxlh4kiVTcMIMYu9seKQ=","tuwUgcI25y7SsbGOccyizhM7SX1+GUzC8cLNsJ3rIbU=","PwjC9xonp0Y/LPbpsGolAfcXlsjjNYMQCSHKs46MyJg=","Qh05pPMoip21L28ZA7ClN9XgSQbgYgyaiE2EozmmAPM=","/N+sDGJs2oey/Db6rE2iUufdaZ1KbmjAlM5HMryCioU=","gzCKYMt9mwho/Jm3McKZ2kUaZEZISWxiKLKnUnYVyUI=","4yVVG3Ck68AAm9KCwmRzmuPzLhQgBi4KF70aA5eYqnk=","GV1YHikLp6GtkjF+jJ+494mBNypWsfT6DZXhNqLXayA=","uFaSohIkFgp0BYnxZ9XvD75dnONlqDDQ/JEkE0jd+SM=","KV7jmFnuYaiW+ZiFoRI9OLmKPm+kX5q0vqcrtf1wqX4=","9KdwKtCKegh6qZaq4KAUiMVd4F0X/duGVbyoJ3kew9Q=","XrBqHt1mz5HMv5aD3EZl7VyG3ghUVyEGuRv/GKPpXno=","43HwrzlWo+aAc3mr7q9Ix/H035QWrq9hBMGMvCBiFa0="],"block_size":4096,"path":"lib/jepub.js"},{"block_hashes":["0PX9ZubOTw2pdMeCbpMkQZAUmm3b+qPuQ5SAjYdLn2M="],"block_size":4096,"path":"lib/jszip-utils.min.js"},{"block_hashes":["4kB3V3J1wwfI3Fts/19hH33EjmJkLt2c9laoS/Igyx8=","egK2a+YHbAWf5jBAp9SKhbU15VpqUjvaoym168bfcVo=","mfUfEd4/Y0XGRxYHcPVGnWTJYcU7uts2aAQk1B3EZkc=","r0WVtezey70HmCltIbf7U3cZ37tq5ZZ8Qo+pfcGATkg=","escIhKALqWMRaKMY0q7q5696Ypbij86tb6cCewqzEsE=","n3HBVD4J4mGOrwcF2zyodPq7qhdRdJirJhrMmidYNoQ=","XFhB7UPk/vcfgppmlC7G81QvzdAr/Sc+UHJtFeYTfP4=","MG02ed+ZTUw8gd/8ZGfz53BuO/si2mU22gjg41e467s=","CHLMV+vTx+Mdlc2wJW5BD+LvGqlzwNNH9DbRodQX7PI=","PlMKlKjA/EsSOBOn+ScLQ2SOKAVZVY++pNux5WJgh7c=","JieASv33vtGVvhemwTzSI50Ta2vsD2C7qtcjqaezmV8=","jKFKakAp+YhnhfWIBGkSXCmavRf7Ze2Hf6E17qkLQ9g=","3G/AzUDJ+T7yRT0RZVjeOhTn2VMPd7hYJuNi08EKWAg=","fiG0GS9CN9ikOaBL5jeSJKnxmggAfUZBFHWCyh08lfI=","ISUc/lPbi4UQgECXpKvJ9pRe2wk7wpcziDBBuFgAAn0=","/dgHXcGVRnJudD8GdbsSgk1P1Bxwr++wzELXiinS6cE=","x9j/2ZWT6k6bGvgRQX1jWZ3M3URHdoBrMYCsTm6mNFs=","d9fsbR66xgeQGGs8/zhiAgnpZVdVUnOdX3rKgFV9Wo4=","usDSBffJdVj9ElPGZ8c3v92VYhVS2ZatcabI+6X0oAk=","pj5Rzr0sy5I30aqxwK0VHdl+40sym/4BK3V9gFi0wo4=","3NgfeVEnkkBbtaMbmjKqMv1UdunSM544ocr9lWsDTQk=","f+B3olGDUKh19USCJD4AAOSpd+55mIfz9fAS3sAl+Nk=","LpK1jav6NVSTDCmtFpV9rZspj7yvkfgQWVhdjYB9lwg=","UYLHRW7KzESNTWHjqcR45qM7gddjeE03qk7GwnH5A/M="],"block_size":4096,"path":"lib/jszip.min.js"},{"block_hashes":["ILWqRalMoBWRhIeC7PE39zzBqPUKdeXP4j2Dxi51/PA="],"block_size":4096,"path":"lib/listen_history_change.js"},{"block_hashes":["n6pzDYUZymZZIW8m9VJL0+jkbG2jV+FO99dsmJ+fgMY=","GPX+5d9I97J1rC3HsQDLZkx6GT4DalbvBoI0ZHeWARM=","+Jj3V+GTHsy3Huzm+XslOn2bPSADRjmXJ/PTjMyFoAE=","oPdkjErdx0aabRI+mkqsCSAU7PdP1q9Uk0Qn1ofyYZI=","RYpp/ML2l4P5kdftoHdAgEX50MxMnDkxi3etPJkHQSM=","wi+cGUjplquCVcq89VsGjeCOsxfM0TVTIGry3RNmtFI=","0tqEJzGGGWr8JuGDewru+Q2yqN+orMYiq9n4i/cG39k=","/B+GMp9FdPtahfk0tavgF5bKLccY1bBCZm6fsjiWPYI=","yGtpJ5xTDguegvwgHAo/msI4bUJQQwlGcomCXMFEerA=","dzBfvS/uiVkJjXrDKvGIZDHy93Kv78SocRwT0MVyhH0=","+PLK0az9oJd7V7H1WSpyEW8TmGEenLW6NecFHRHlv9g=","uA2QkMCuFA1e4cvjWK2XnPJNy4FIRRHmoFo9IvxEFE0="],"block_size":4096,"path":"lib/pako.min.js"},{"block_hashes":["Kzucog7WwCNHuqw/VeivBvwj6oncwKwznTr2epWf258=","yI4jWV+LcN2fv+PINm77agPPJkHlO/FiDFJKTW+PEDU=","iPLBnHkc7rx+04xvkAbF+sYgU/dYjXHsFPVQo6CFdg0=","3LzYOmvL/lybTqyvk6L0EZU6EqO0Z+vdOAAHZ4mm7AI=","WYp4zNGk73d0/YUDHGmWQutebPBZBppvD5Slgo4Bdqc=","6s9DgnVR0GrLvjSXbnX5yyngQF+co2d7ZQdQZgW2rSM=","hDkDzx4YsZ3lVF8RLOte4p6SKKyWOIUsX0p84gDCsKQ=","cTG+xIMvtJdVa7qr5duZoXS8+CO8Zx6gejSRJuRfW2A=","dedmaE+Ja3MRuC8SiGtILjBUvIqcKxHabiW03gByFxE=","homHbFmmaA8I28qfnbgdHETK/bbpS6/ea820Fn+x1vk=","bH8DtbOl6QM3wmtkDQYwM/kn9hJytDa+m4qPYwiZflU=","87UWwEiNXF/ePTUoAtVKOY/Tc4LXqvO9bjZ4ojdFqbA=","s1vDsXbecFa32E9pIOT1M9SYvtD67hr5y+1LPBSB1R0=","YSxnuX0HCdwbJhJoxKFb1jRqmTeQZD9HHQaLDgNP79k="],"block_size":4096,"path":"lib/UPNG.js"},{"block_hashes":["WtUn4NMIm+sYJP65GU4ATpehLy1cj7atGRibvF3kcMQ=","hvo9RO+fcn6Spwz9OrCyp414wwxgQrG0GrNw2YCb4TE=","3vbShzOXxDBW1MnzSYOLISbBdojf8A2omTpPDOsAuX0=","AsnT/+HahjlIFxBT02o8r2KF8zjbaAS69HxTJ1IcSNU=","MgKmfql53+HJftLNQKltjKt4u5BbTlO6EKZBC2gVgb4=","+okHQXBowlyHbnDOI40L1lFzex7n2lgsNQh/CnJoRsk=","Xz+cwjzPWUHyHHHz9VtMwKoekU2SCZCusE5C68pkaR8=","RmuDLtsOPlS6cW89lkKAX2xNJ4jQOcg6BE1qspJ12ic=","Omp4V20nf2a4KoFgXUWzbQQNPjmjCu1z8KEDN1qjuhM=","t7rK/OIi69FnMHdVW87bhy2bV+11MPejiIrj9uN7C6w=","MOHQzkbO1+KRlhpyiNwlCv1xcdDodEcyMdYQ3RdxUlU=","V1MiMbV0QGhCk+jUAn4Nbmxic9urJHqWyhSyPdA3NK8=","IQiFw5eB3jc2UxZb9Cov7yDuKSB5q6c+s4mdTWfP9dY=","3VG86+MyFU6GeYHPX0ImSK9JuOLYOHo8SRJr+yu+i/Y=","hihv0GEj1Tk0ovOz+XIqgcLSdkmKg3++whRQKdbXIWo="],"block_size":4096,"path":"lib/viewer.min.js"},{"block_hashes":["WepHOaJUkZULjSfNtHl5n9fuWQPYgGzweLn6DYExIp8=","ApBMzw9Q+n8i4RA/NuzkTjzD7Rie3bwvt+XFLazVcfI=","joylGvrrP5Hopxo+7Zf0nzflmrxExlPg8zNCB6BgzLc=","imPfcmBqVetrst/YEn9BTgEzHv1BnazpswEW6QfYv4s=","1a4hZLfyU+KLBBogUV/qyYZsd+qGRo9OksIdjIXsijw="],"block_size":4096,"path":"lib/whammy.js"},{"block_hashes":["61K2S2Nw5puTg83Tp+283mq8e1Ghxz+ZRZIwXDZ4Mbs=","lm16Z1c35ylXfCBpNXyfyEdmsTeK/n4wosKWasxWV4Y=","hWsUM3/Dcxsy0uaX7R4VNMX7yFqyyZK+xb00iko4HeM=","Tqszhnkb0qjU/UrzmkUIMUyUSqIgY/PgsSZCx3GERwc=","BW7ymM7GAy1cCBPTwroaLAcufJnw15keZ9pc2yLSG7o=","AnGIbglBPh/Z8ApJmAnvISnhEU96TUTiKWmwaTrDkPk=","6EH47QYOlW6nTafp6k+M9mpM/MVzIEgZFFKmCElKWWI=","iXc5GT9kuBxlCRQXNJZGJ6/MN7gY3W1OfNyZGOqMPXU=","1MkRS8JyKmaA63n+ZVkVUgErfsdKLAeBZPwOa4ceKZc="],"block_size":4096,"path":"LICENSE"},{"block_hashes":["AOHnJS/AJmYtqkBvJ0k7TjIg0+AM3+5JYYdOpxWzVhg=","MwDHJU76is9hCShTAHbxTpM5vT+5+KrOMmJzBs6GLPk="],"block_size":4096,"path":"README-EN.md"},{"block_hashes":["+J0VfCK/ZoEXRZ9i0T86gpzrsbxXiz/wbepxwdiPC5M=","FdUuN8kryGOoTPr8O85c4LRXnjFQYu+FBASaIdYoIr4="],"block_size":4096,"path":"README-JA.md"},{"block_hashes":["P5KnK+xoex3kXV7SCIajVFIuiNrQB0I4OXD+goXHqpk=","/zFIiNdHaY+esdhs+g3MGSZryey031iOnzApKQ/9X0M="],"block_size":4096,"path":"README-KO.md"},{"block_hashes":["AmA+mi+TqalIgpDEF+Ra7ixHjIMG8NMkV+Ab55NX0cE=","J8BvNumdowUACmSq+Hx4ZbZ0Yi5Mu+rOYAL6EZcKYSo="],"block_size":4096,"path":"README-RU.md"},{"block_hashes":["f+9TRMvr13ffrnx97wpD/xwLPx/1lWjYGojgDUNfJsA=","Az2/rbPY6ESBqAiaA4U7TdUdAGsnhhMDY2UQjJsG2Ns="],"block_size":4096,"path":"README-ZH-TW.md"},{"block_hashes":["u/gzuiyxbrJn+mlBsYmxitJ2aIVOvu6C8Sddl0I0ZLw=","T4MGd8wOFucvkeVJDnU656BkqS6OuepAUqSVIKvSNjo="],"block_size":4096,"path":"README.md"},{"block_hashes":["PQiMJYYAg1zeb6xYH7C8vhc1tOSwYPpMWp2PZWN6qtU=","W+9Uc78+kw7JwxTzKLePRlpdwZraSDdCAtnD9AYaPCo=","2UWMGFg74uyUmxvFt+AjQtXBTutHFuDVX2Eign9zzc8=","XCQbH1OOuVM9OxiamEWd2upkL6Rv45SphLp0wteO6jw=","pphquvLh389MF7WVj2pU7ueIWd5mjq/LOCn0Bhinaw8="],"block_size":4096,"path":"style/showLargerThumbnails.css"},{"block_hashes":["m4o4HQyV97XpoplDg7ksmhc4r5PcAqcrLy02yc2gHjk=","o15HmPNLSD3vVN+OEXNGVsporUTJJkhhRk9wxP3ToNM=","ehbagoZMo6Ih2+t5I5ti9ezpLcU2P3gUiNgDnNySHiY=","KO85Qs+iXgNh87YYk21jNWZWaP7c21HpqpwMt0TA9v4=","bHSyt9gfWIV8Xl20kn0ctdXwVv/K+2ne5Mdh5Xj0nII=","KGbeZTt+JfAEZmuGqhLQ6e/FZPCpqK0EM+6sMtaxG2Y=","mTev7Y1EhBJKDr9k1rdCMkcXQT2iYd5VWAYoQeYZkpQ=","IVsHTCschQJdE1wqCK8oayMHjz2YKoOJKpZ50DYz/DM=","2bPgSFLhoBALXWRW53QugUa8BYJGx35K/BHtP4zDeBs=","xaPi0Ossxqih6qTIudVFpo+m37YuMpsllMP99kLHIJc=","UHIMFVWDceuUBu7eTI9CuRB/tuomfHFOZoMTliAtke4=","3br1l46blK/IC6lyJ+ZyRi0B6OUJ9sYC8lTsUzEmgco=","GRERLrLe4N/+CIwYQLz0MjOgr9vC1cjcuPuIQRStltQ=","LwWz4Ace/TsGnfy6qUpXyeRyX4HD4vraKKw/VG/0el8=","cpow/cB94CDJrimVD3WdfOF12GX7xo2OQkFi7BhsBxo=","HiVswNLaorA/f1Y3IaPcTNbPC0UfIf9hNlfNHD5GU6I=","oy2Lx9ztaIDnmb51uVig5VNlhbxEP0lQ/PT4w8kDKpk="],"block_size":4096,"path":"style/style.css"},{"block_hashes":["0Y49F0gKrosxgqXloxwfZ/TbEkRwhIZkiEuwqw3g6iE=","0DaE2jL6aOnYhOMm2Fw00S/Y93LsJH7LR0vyRY319Xs=","43EBxAPyqmxrb37qFEIF2wOw1xW/kri9LwpLksiBtPc="],"block_size":4096,"path":"style/viewer.min.css"}],"version":2}