{"file_hashes":[{"block_hashes":["gZF83h8oyAX0E5mq9gZCZr9QECTkvA4HIOZyuKlXLuA="],"block_size":4096,"path":"background.js"},{"block_hashes":["6yhGLogMKBbvbEwOSJfMfhUqTQ6IefGX5Rt4bAZ7wCY=","tME5WZkQYJMPNcXnjYNVFlGOys93T9H1DvdGatdb37k=","xT3LR03yobIgHPLHSdh7ieAj5QSaJRz+XDmdeU83sm8=","o4ZRgWTUIia9SSRimTKHDwU5ypF3kO2/C0S10UTs5mk=","j6TnwW+CMcv9mqOG9erdVVjJomI3cLy7ps9syRXuEHg=","rrUwjIC6dXWkE4dBgQZpaV712DVUDkCL3GP/Fkebjfk=","rp02cmf1q2s+UXF5ZwqeBnrL9iE7T9y4LDfAcdfFeWo=","ztQlpI4JepcBOj9gXPdvJz0KI2lBVIxw8o3tkHtBGaw=","+yow7BuQGJX54rdgRS+sMlIgcjtj1kTAvzxCYO5hcAo=","N6RsIjnnTEKlmMvb+Xqpn0nQMvYjI8/5K11Zfw3J0Uw=","5dNYuNe/ytUawwwQO3475Z+5hUlNIh6+R7QchCaZVOs=","o3EXoGwMnY+hCN5xgX+zCBHTOPdovBohpUKmQ+l4uRg=","kqqCsRMQLUT0zZljwHfDGZWAVvD8xlsG4o9LpiLf3kk=","AS5ughp7INuo38S46gPiNZv71+pNC7FQwBoLFRaoQsA=","JgQEkFig4nNm1wCUcL+OheZO++XYZ4+vx7upx5Pc9lo=","TrrlpmhJqbgJ0u1/RWqAZbvkK0RsPUHzPb5nRsV7QZw=","2tBTOf3Ne7Ls1NrHHKLp14RL8/0FXR6GKeMZhnx0s/4=","pJJc/Ugo5uMaG1Pn/3ommHSUJJAHOheff3aDmpaRm7g=","jITWVC2eLPtrx+zjLeEJrp8h6txIEQhS3ruzsTVA6aM=","pNiv1NyBaUkRnOoSXcg06YTmC7fuHkGy7JQJneTWNoI=","a3yVTFX5hhxkCHUmzNXFfHHAFljsZiV7zaGHBT05pWo=","j8tb4Vsi1hK93V5EATEnHlfz1LzLUhb4MAoEaNm6rdQ=","IVL00yvu8GZdKLlbIyZDlhyU3/4YtkNU7T9ybthBiTE=","ZeFivgn/zCWiFcz4fjK80H5RkWmLtV0TmplDt0nvo/o=","Xo79FtAELpj0drwLVPDJdjq5yjFu/s+NkszN3fcpD5Q=","erEgC565kH5kL3MtUrTstNhPlDJ+7nKiwfNVx0vsRxg=","RsBEwECKok9K96UqmyLjJi0We7qq8h+dtreB5j8K0B8=","Hjsz2e5jJaRSrTCnUaiI3z9/hTMQVYrC2iqLBeghO/E=","XA4BEl/8AKFskJzY6BstBmI1RqR/Ki7i7YZox0vW/eA=","dpHQcL3GuvE88PAiZ2jj4HfdD9cK7v4T3YrvIXLqcoA=","TVxzMmKv4zRHa6uEjbAsLVXBKhJ5MrdUCfLbb/LjZE0=","MN2BjahfzenKP1CdZu6rEARzpFc9Kqip2bmnadtmjRQ=","r3D3fXs4kWFZmBMbqo/ox9ys20QVQyG94zkzdPfTF/A=","gpZQ0PXikQ1k5B65bKYaFWn+CEizV6Y7z4ILNHhoXG0=","HWAXP/6D2YifVLM0tsGY2fGMSDnybmidoNjM5xv5TdM="],"block_size":4096,"path":"css/bootstrap.min.css"},{"block_hashes":["6Z4U7V3+zPmxCUEhBgKSPRlAUkGuPojKgxpixhgt9qc=","u9c/3BTNebYp7yb9NVXQbtc48BComaSPboQXDR2as6w=","oonjx+W0mQXUfD/hazPdrem3X+ZEmNd5qw6EHTV7QDc=","FOQPu0htePULL2GxHMfDXOBqVefBqumXgyB134ozY1c=","nUjCGv9+u4A0FbR12w90lW2MUiOkTgTjrGWlWJ06CHU=","VZXk23lhe21Uwn8Hs40uPNQHG4XP1CdvrszbcSf5DCo=","5jos8U3OD891AbAUbe/HJgAryqstS/m1A2q4i+2Yb7Q=","VlTZL+EZMn4SS/LU25EI8eeLzXbeLc4pkiGInS/S+FQ=","FUat1CQfeZoDmTNccMuKNAUeXDDgK58Jvjk3QV37x2g=","u9ZcVjRQbOtnWlHGsM7hkIt58E87ObEuW/0DA1aefz8=","Da994U+8BvTs9XA7Br88ed+b/tgnG7AkWU8J0DXJ99M=","7jVZOB4dFeuw+ub7JDkiJPcxCEFc0RwuXI3AMXSOQJ8=","knQvVKPqW0WuRzN8KShGjEmZpq7ITPFgVioLVwgw/ng="],"block_size":4096,"path":"js/bootstrap.min.js"},{"block_hashes":["r0IN9bnKipU06AbfKpUes/IrN1u/871QDxMU2uOR7tc=","siGX9Uhl50tykBN6LIop5Ka2TkIzYqDORippBoX9sNg=","V3kBXzCx3tPzkqtGe4nML6fRxRMiWsnDpYkLQ2jXTGc=","je+FHRl3gNIlx5zmCk0EA5CwmgEkWu82rYtOo8NcvQY=","EoGQrLdC9uM13zaglvWWv/yHEnxh4EWGSVcqqAZNlhQ=","BzLNRzD+3QENkcRDI/m0yw9bUQbmDJ1vQQziTt2b3Dk=","9Hm8z17pIbFWaJKELM+RVQY/g2m/BcVTFAR2gaSy1RM=","65Cu/BDUhqU4ALE1Etaot7cen0LCCwD+rUqsmsXA/eA=","+3lTMa1Rj6HiXQ0u44+xLugAJQXrNVE8SteatGkt4e0=","Twp8++w9wDpuIU4wqOSYue7CsDMhuTE9SsONUSIkL4o=","e+zf+BpRoP/yvLoSL9/nmOXvvBQN7Y2d/q7UA+hjHnw=","9QwHxboyqi3LntDQcgUP1neOdSLE92dTt+beBxLA9X8=","f9mIhVuGgHjjqPlFy4Dcw33C+w+iinkcjLiUOU1Y800=","oZqoCKzinXAbbVsGseoonW4vQ19wDFwPJrpT7rcr9T4=","ML+6I12X6yL4a9l/aT1+MGkSzHJnnTfKPK6bnRvXUcY=","YtWco/+EfxamXpiT6qBSX3i93tDOkQJEnU8CiEkE96A=","sFn0Kj5Zqdzh7olbmwnZ+NLs+/ZhYtRR1Yeyf6nVzbA=","vQSKRXACXdvoRgTOgUlhNYQZOv2+jm8GqzkoFWv04Bo=","tgp477RjJMGW9uZrg4l8K6LSpRcTrhKrYRqY01Hr3vw=","katZwqXEp/0dIegX2UthI0pG6q09su897cQd1aDRTEo=","7OsqaR2jyQ16YA3Uy+QJoAz4oyFahbERSeY8ThFeDZ8=","lJKOTkHZ6v96dX1qVg+WZM6JI/TZ+WW9Psa3MkV9JsU="],"block_size":4096,"path":"js/jquery.min.js"},{"block_hashes":["BJFmozTjv5OKewWnQBSmbUIqBT45KoFrWS3aSIWwaI0=","oek/i456oFun27T5Y0VMzQbQLycsGDfZeN+r9115gXY=","g9o4AWmmMH5nGQIjVUNuDndMkck2ip50PSp5U+BeC1w=","RbZ8KUj/OoHl9MBYtfaQFBw1Q5tVbV50auSu3srnFTQ=","f3f4bCPGKIC04YPNNxWB/lxZ6NfYNCm8Jx3Z8Icuapc=","WlXruQpWtWXv7NIyb90FqxBwT6rfVBTRPDrPLdwDevU="],"block_size":4096,"path":"js/popper.min.js"},{"block_hashes":["JY+7Eb2OuPUfZfKYQxrgYrrnNkrcb93iry4vvEYZffQ="],"block_size":4096,"path":"main.html"},{"block_hashes":["tv6g+ADKluFYmkEBJL2TlxtRUCcIiXbKwnpzfnMz8Go=","pivbPBewfRI1mZwnnRd+8BHWJrCcy0Xw+04q0JRF0zs="],"block_size":4096,"path":"main.js"},{"block_hashes":["3DwuUO8sOCsQYHD2nYrVRzDy5BkvOYrTxJGsDSLIoZc=","VBoiVvP/TiEO6kS4INjgdgogyCPeGcgfBI1wqVMqutM="],"block_size":4096,"path":"releaseDrag.js"}],"version":2}